,Game Type,Match ID,Tier Average,user,Match Status,Match Duration,Champion Used,K/D/A,Kill Participation,Total CS,Control Wards Bought,User Level
0,Ranked Solo,3651765796,Diamond 2,HULKSMASH1337,Victory,28m 35s,Cho'Gath,4 / 3 / 5,P/Kill 36%,165 (5.8) CS,Control Ward 2,Level14
1,Ranked Solo,3651762223,Diamond 2,HULKSMASH1337,Victory,29m 30s,Cho'Gath,3 / 4 / 6,P/Kill 39%,216 (7.3) CS,Control Ward 2,Level16
2,Ranked Solo,3651678455,Diamond 2,HULKSMASH1337,Victory,27m 26s,Cho'Gath,7 / 2 / 11,P/Kill 51%,190 (6.9) CS,Control Ward 2,Level15
3,Ranked Solo,3651654855,Diamond 2,HULKSMASH1337,Victory,22m 4s,Cho'Gath,2 / 2 / 6,P/Kill 31%,144 (6.5) CS,Control Ward 4,Level13
4,Ranked Solo,3651618349,Diamond 3,HULKSMASH1337,Victory,23m 37s,Cho'Gath,8 / 3 / 6,P/Kill 40%,116 (4.9) CS,Control Ward 3,Level14
5,Ranked Solo,3651573632,Diamond 3,HULKSMASH1337,Victory,29m 35s,Cho'Gath,3 / 5 / 9,P/Kill 38%,162 (5.5) CS,Control Ward 3,Level16
6,Ranked Solo,3651554834,Diamond 3,HULKSMASH1337,Defeat,29m 0s,Cho'Gath,8 / 7 / 4,P/Kill 75%,165 (5.7) CS,0,Level15
7,Ranked Solo,3651499930,Diamond 2,HULKSMASH1337,Victory,28m 10s,Cho'Gath,5 / 3 / 5,P/Kill 37%,209 (7.4) CS,Control Ward 3,Level15
8,Ranked Solo,3651452691,Diamond 3,HULKSMASH1337,Defeat,24m 32s,Shen,0 / 7 / 4,P/Kill 31%,94 (3.8) CS,Control Ward 2,Level12
9,Ranked Solo,3651420273,Diamond 3,HULKSMASH1337,Defeat,30m 36s,Olaf,3 / 6 / 4,P/Kill 29%,194 (6.3) CS,Control Ward 3,Level16
10,Ranked Solo,3651325432,Diamond 2,HULKSMASH1337,Defeat,26m 24s,Cho'Gath,5 / 3 / 4,P/Kill 60%,181 (6.9) CS,Control Ward 2,Level15
11,Ranked Solo,3651256625,Diamond 3,HULKSMASH1337,Victory,23m 37s,Heimerdinger,2 / 3 / 2,P/Kill 29%,159 (6.7) CS,Control Ward 3,Level14
12,Ranked Solo,3651129191,Diamond 2,HULKSMASH1337,Defeat,31m 7s,Heimerdinger,2 / 8 / 3,P/Kill 19%,221 (7.1) CS,Control Ward 1,Level16
13,Ranked Solo,3650975951,Diamond 2,HULKSMASH1337,Defeat,43m 40s,Olaf,5 / 6 / 6,P/Kill 50%,343 (7.9) CS,Control Ward 1,Level18
14,Ranked Solo,3650849305,Diamond 2,HULKSMASH1337,Defeat,25m 11s,Malphite,1 / 4 / 0,P/Kill 11%,161 (6.4) CS,Control Ward 1,Level13
15,Ranked Solo,3650881730,Diamond 2,HULKSMASH1337,Victory,28m 45s,Olaf,1 / 2 / 8,P/Kill 39%,247 (8.6) CS,Control Ward 5,Level17
16,Ranked Solo,3650725676,Diamond 2,HULKSMASH1337,Victory,31m 19s,Mordekaiser,3 / 4 / 3,P/Kill 23%,160 (5.1) CS,Control Ward 5,Level16
17,Ranked Solo,3650660630,Diamond 3,HULKSMASH1337,Victory,36m 22s,Vayne,1 / 7 / 5,P/Kill 22%,262 (7.2) CS,Control Ward 8,Level17
18,Ranked Solo,3650642212,Diamond 3,HULKSMASH1337,Victory,42m 5s,Garen,7 / 2 / 3,P/Kill 59%,298 (7.1) CS,Control Ward 4,Level18
19,Ranked Solo,3650558123,Diamond 3,HULKSMASH1337,Victory,28m 37s,Olaf,5 / 5 / 6,P/Kill 33%,144 (5) CS,Control Ward 5,Level14
20,Ranked Solo,3650580101,Diamond 3,HULKSMASH1337,Defeat,38m 11s,Dr. Mundo,11 / 9 / 7,P/Kill 67%,217 (5.7) CS,Control Ward 7,Level17
21,Ranked Solo,3650201306,Diamond 3,HULKSMASH1337,Defeat,28m 18s,Vayne,3 / 7 / 2,P/Kill 36%,148 (5.2) CS,Control Ward 2,Level14
22,Ranked Solo,3650128479,Diamond 3,HULKSMASH1337,Defeat,33m 4s,Olaf,6 / 8 / 9,P/Kill 56%,203 (6.1) CS,Control Ward 4,Level16
23,Ranked Solo,3650134418,Diamond 3,HULKSMASH1337,Defeat,38m 21s,Mordekaiser,4 / 8 / 10,P/Kill 36%,225 (5.9) CS,Control Ward 3,Level18
24,Ranked Solo,3650079726,Diamond 3,HULKSMASH1337,Defeat,38m 42s,Olaf,0 / 10 / 4,P/Kill 18%,235 (6.1) CS,Control Ward 3,Level17
25,Ranked Solo,3650076883,Diamond 2,HULKSMASH1337,Victory,26m 32s,Mordekaiser,10 / 8 / 9,P/Kill 50%,157 (5.9) CS,Control Ward 2,Level15
26,Ranked Solo,3650054758,Diamond 2,HULKSMASH1337,Victory,28m 45s,Olaf,7 / 5 / 9,P/Kill 40%,172 (6) CS,Control Ward 2,Level15
27,Ranked Solo,3650050433,Diamond 3,HULKSMASH1337,Victory,35m 28s,Olaf,16 / 8 / 10,P/Kill 68%,244 (6.9) CS,Control Ward 2,Level18
28,Ranked Solo,3650015330,Diamond 2,HULKSMASH1337,Defeat,20m 11s,Olaf,1 / 6 / 1,P/Kill 50%,153 (7.6) CS,Control Ward 2,Level12
29,Ranked Solo,3650002125,Diamond 3,HULKSMASH1337,Defeat,18m 57s,Malphite,1 / 5 / 3,P/Kill 44%,90 (4.7) CS,0,Level10
30,Ranked Solo,3649896824,Diamond 3,HULKSMASH1337,Defeat,30m 49s,Cho'Gath,3 / 6 / 3,P/Kill 30%,182 (5.9) CS,Control Ward 2,Level15
31,Ranked Solo,3649868873,Diamond 2,HULKSMASH1337,Victory,23m 15s,Cho'Gath,2 / 3 / 3,P/Kill 16%,126 (5.4) CS,Control Ward 3,Level13
32,Ranked Solo,3649881523,Diamond 2,HULKSMASH1337,Victory,24m 20s,Cho'Gath,1 / 3 / 4,P/Kill 26%,77 (3.2) CS,0,Level11
33,Ranked Solo,3649788886,Diamond 2,HULKSMASH1337,Defeat,15m 15s,Olaf,0 / 2 / 1,P/Kill 33%,95 (6.2) CS,Control Ward 1,Level9
34,Ranked Solo,3649739462,Diamond 2,HULKSMASH1337,Defeat,33m 0s,Mordekaiser,7 / 7 / 2,P/Kill 43%,210 (6.4) CS,Control Ward 1,Level16
35,Ranked Solo,3649733234,Diamond 2,HULKSMASH1337,Victory,22m 1s,Malphite,5 / 0 / 5,P/Kill 34%,111 (5) CS,Control Ward 5,Level13
36,Ranked Solo,3649665382,Diamond 2,HULKSMASH1337,Victory,28m 21s,Olaf,7 / 1 / 4,P/Kill 44%,219 (7.7) CS,Control Ward 4,Level17
37,Ranked Solo,3649604712,Diamond 2,HULKSMASH1337,Defeat,33m 34s,Draven,3 / 3 / 8,P/Kill 55%,246 (7.3) CS,Control Ward 3,Level16
38,Ranked Solo,3649478461,Diamond 2,HULKSMASH1337,Defeat,25m 27s,Mordekaiser,1 / 3 / 1,P/Kill 17%,138 (5.4) CS,Control Ward 3,Level13
39,Ranked Solo,3649474088,Diamond 2,HULKSMASH1337,Defeat,16m 26s,Mordekaiser,2 / 1 / 1,P/Kill 60%,124 (7.5) CS,0,Level11
40,Ranked Solo,3649407054,Diamond 2,HULKSMASH1337,Defeat,23m 57s,Draven,2 / 4 / 4,P/Kill 38%,206 (8.6) CS,0,Level14
41,Ranked Solo,3649398479,Diamond 2,HULKSMASH1337,Victory,22m 42s,Dr. Mundo,2 / 0 / 2,P/Kill 24%,158 (7) CS,Control Ward 1,Level13
42,Ranked Solo,3649354775,Diamond 2,HULKSMASH1337,Victory,30m 15s,Vayne,10 / 3 / 7,P/Kill 59%,204 (6.7) CS,Control Ward 4,Level17
43,Ranked Solo,3649309261,Diamond 3,HULKSMASH1337,Victory,26m 15s,Olaf,6 / 2 / 7,P/Kill 42%,179 (6.8) CS,Control Ward 3,Level15
44,Ranked Solo,3649273623,Diamond 2,HULKSMASH1337,Victory,38m 15s,Cho'Gath,2 / 0 / 10,P/Kill 40%,243 (6.4) CS,Control Ward 6,Level18
45,Ranked Solo,3649257452,Diamond 2,HULKSMASH1337,Victory,22m 1s,Malphite,5 / 0 / 3,P/Kill 27%,165 (7.5) CS,Control Ward 3,Level15
46,Ranked Solo,3649244541,Diamond 2,HULKSMASH1337,Defeat,28m 33s,Mordekaiser,5 / 3 / 3,P/Kill 73%,238 (8.3) CS,Control Ward 1,Level16
47,Ranked Solo,3649212512,Diamond 2,HULKSMASH1337,Victory,19m 44s,Malphite,4 / 2 / 5,P/Kill 36%,103 (5.2) CS,Control Ward 3,Level11
48,Ranked Solo,3649157687,Diamond 2,HULKSMASH1337,Defeat,33m 58s,Urgot,9 / 8 / 9,P/Kill 58%,166 (4.9) CS,Control Ward 4,Level16
49,Ranked Solo,3648817031,Diamond 2,HULKSMASH1337,Victory,27m 40s,Olaf,3 / 4 / 7,P/Kill 36%,162 (5.9) CS,Control Ward 3,Level15
50,Ranked Solo,3648822514,Diamond 2,HULKSMASH1337,Defeat,36m 24s,Annie,2 / 9 / 14,P/Kill 40%,191 (5.2) CS,Control Ward 3,Level16
51,Ranked Solo,3648800875,Diamond 3,HULKSMASH1337,Victory,26m 7s,Vayne,9 / 6 / 5,P/Kill 52%,180 (6.9) CS,Control Ward 2,Level15
52,Ranked Solo,3648709607,Diamond 2,HULKSMASH1337,Defeat,20m 43s,Mordekaiser,1 / 7 / 2,P/Kill 25%,107 (5.2) CS,Control Ward 2,Level10
53,Ranked Solo,3648743526,Diamond 2,HULKSMASH1337,Victory,39m 0s,Olaf,1 / 8 / 9,P/Kill 33%,204 (5.2) CS,Control Ward 3,Level17
54,Ranked Solo,3648701054,Diamond 2,HULKSMASH1337,Defeat,30m 4s,Urgot,6 / 9 / 3,P/Kill 47%,164 (5.5) CS,Control Ward 6,Level14
55,Ranked Solo,3648685357,Diamond 3,HULKSMASH1337,Victory,26m 34s,Mordekaiser,6 / 3 / 3,P/Kill 39%,208 (7.8) CS,Control Ward 4,Level16
56,Ranked Solo,3648691492,Diamond 2,HULKSMASH1337,Defeat,15m 19s,Urgot,0 / 2 / 0,P/Kill 0%,98 (6.4) CS,Control Ward 1,Level9
57,Ranked Solo,3648605739,Diamond 3,HULKSMASH1337,Victory,34m 1s,Olaf,4 / 4 / 10,P/Kill 50%,246 (7.2) CS,Control Ward 2,Level18
58,Ranked Solo,3648591350,Diamond 2,HULKSMASH1337,Defeat,26m 10s,Tristana,1 / 6 / 1,P/Kill 22%,173 (6.6) CS,Control Ward 4,Level14
59,Ranked Solo,3648505410,Diamond 3,HULKSMASH1337,Defeat,29m 15s,Mordekaiser,1 / 7 / 7,P/Kill 89%,208 (7.1) CS,Control Ward 3,Level16
60,Ranked Solo,3648485679,Diamond 2,HULKSMASH1337,Victory,32m 50s,Olaf,5 / 8 / 7,P/Kill 32%,188 (5.7) CS,Control Ward 2,Level16
61,Ranked Solo,3648378410,Diamond 3,HULKSMASH1337,Defeat,30m 6s,Malphite,0 / 4 / 7,P/Kill 50%,137 (4.6) CS,Control Ward 1,Level14
62,Ranked Solo,3648303149,Diamond 2,HULKSMASH1337,Victory,41m 55s,Olaf,8 / 9 / 12,P/Kill 40%,226 (5.4) CS,Control Ward 6,Level18
63,Ranked Solo,3648252819,Diamond 2,HULKSMASH1337,Victory,28m 33s,Cho'Gath,4 / 2 / 15,P/Kill 61%,142 (5) CS,Control Ward 2,Level15
64,Ranked Solo,3648122495,Diamond 3,HULKSMASH1337,Victory,42m 5s,Urgot,6 / 5 / 12,P/Kill 56%,292 (6.9) CS,Control Ward 9,Level18
65,Ranked Solo,3648060313,Diamond 2,HULKSMASH1337,Defeat,44m 10s,Mordekaiser,1 / 10 / 6,P/Kill 23%,185 (4.2) CS,Control Ward 5,Level17
66,Ranked Solo,3647807696,Diamond 2,HULKSMASH1337,Victory,21m 59s,Cho'Gath,1 / 4 / 1,P/Kill 6%,103 (4.7) CS,Control Ward 1,Level12
67,Ranked Solo,3647749028,Diamond 2,HULKSMASH1337,Victory,42m 6s,Malphite,7 / 4 / 11,P/Kill 45%,203 (4.8) CS,Control Ward 5,Level18
68,Ranked Solo,3647753648,Diamond 3,HULKSMASH1337,Defeat,26m 53s,Draven,4 / 6 / 1,P/Kill 38%,230 (8.6) CS,Control Ward 2,Level14
69,Ranked Solo,3647690356,Diamond 3,HULKSMASH1337,Victory,33m 53s,Olaf,13 / 7 / 10,P/Kill 55%,210 (6.2) CS,Control Ward 5,Level18
70,Ranked Solo,3647594695,Diamond 3,HULKSMASH1337,Victory,33m 9s,Cho'Gath,2 / 4 / 1,P/Kill 14%,224 (6.8) CS,Control Ward 4,Level16
71,Ranked Solo,3647556998,Diamond 2,HULKSMASH1337,Defeat,43m 18s,Cho'Gath,6 / 8 / 15,P/Kill 68%,267 (6.2) CS,Control Ward 7,Level18
72,Ranked Solo,3647241619,Diamond 3,HULKSMASH1337,Victory,26m 5s,Mordekaiser,7 / 6 / 4,P/Kill 46%,185 (7.1) CS,Control Ward 1,Level15
73,Ranked Solo,3647217836,Diamond 3,HULKSMASH1337,Defeat,21m 53s,Olaf,3 / 5 / 1,P/Kill 31%,112 (5.1) CS,Control Ward 2,Level10
74,Ranked Solo,3647194195,Diamond 3,HULKSMASH1337,Defeat,40m 1s,Cho'Gath,9 / 7 / 6,P/Kill 52%,218 (5.4) CS,Control Ward 6,Level18
75,Ranked Solo,3647172662,Diamond 2,HULKSMASH1337,Victory,22m 52s,Olaf,9 / 7 / 7,P/Kill 52%,115 (5) CS,0,Level13
76,Ranked Solo,3647160320,Diamond 2,HULKSMASH1337,Defeat,23m 44s,Thresh,2 / 7 / 3,P/Kill 28%,113 (4.8) CS,Control Ward 1,Level12
77,Ranked Solo,3647099084,Diamond 3,HULKSMASH1337,Remake,3m 12s,Olaf,0 / 0 / 0,P/Kill 0%,16 (5) CS,0,Level3
78,Ranked Solo,3647105166,Diamond 3,HULKSMASH1337,Defeat,30m 46s,Urgot,8 / 7 / 6,P/Kill 58%,175 (5.7) CS,Control Ward 1,Level15
79,Ranked Solo,3647111959,Diamond 3,HULKSMASH1337,Victory,19m 37s,Urgot,8 / 2 / 10,P/Kill 51%,114 (5.8) CS,Control Ward 2,Level12
80,Ranked Solo,3647047650,Diamond 2,HULKSMASH1337,Defeat,26m 31s,Camille,1 / 5 / 1,P/Kill 40%,123 (4.6) CS,Control Ward 2,Level12
81,Ranked Solo,3647030345,Diamond 3,HULKSMASH1337,Victory,35m 39s,Draven,6 / 12 / 9,P/Kill 35%,241 (6.8) CS,Control Ward 3,Level18
82,Ranked Solo,3646974613,Diamond 2,HULKSMASH1337,Defeat,19m 28s,Mordekaiser,1 / 4 / 2,P/Kill 33%,129 (6.6) CS,Control Ward 2,Level11
83,Ranked Solo,3646915234,Diamond 2,HULKSMASH1337,Defeat,38m 40s,Malphite,4 / 7 / 9,P/Kill 48%,202 (5.2) CS,Control Ward 4,Level18
84,Ranked Solo,3646858660,Diamond 3,HULKSMASH1337,Victory,21m 24s,Draven,1 / 4 / 4,P/Kill 24%,159 (7.4) CS,Control Ward 3,Level13
85,Ranked Solo,3646861216,Diamond 2,HULKSMASH1337,Defeat,24m 4s,Urgot,0 / 6 / 2,P/Kill 13%,141 (5.9) CS,Control Ward 1,Level13
86,Ranked Solo,3646772048,Diamond 2,HULKSMASH1337,Defeat,39m 41s,Olaf,2 / 6 / 3,P/Kill 19%,321 (8.1) CS,Control Ward 2,Level18
87,Ranked Solo,3646676392,Diamond 2,HULKSMASH1337,Defeat,22m 25s,Olaf,0 / 5 / 0,P/Kill 0%,55 (2.5) CS,Control Ward 1,Level8
88,Ranked Solo,3646645254,Diamond 2,HULKSMASH1337,Victory,32m 50s,Cho'Gath,5 / 6 / 5,P/Kill 43%,232 (7.1) CS,Control Ward 2,Level16
89,Ranked Solo,3646601394,Diamond 2,HULKSMASH1337,Victory,16m 30s,Olaf,4 / 2 / 0,P/Kill 27%,161 (9.8) CS,Control Ward 2,Level12
90,Ranked Solo,3646582486,Diamond 2,HULKSMASH1337,Defeat,31m 14s,Mordekaiser,1 / 8 / 3,P/Kill 29%,184 (5.9) CS,Control Ward 4,Level14
91,Ranked Solo,3646465669,Diamond 2,HULKSMASH1337,Defeat,26m 45s,Mordekaiser,5 / 8 / 5,P/Kill 45%,147 (5.5) CS,Control Ward 3,Level14
92,Ranked Solo,3646438908,Diamond 2,HULKSMASH1337,Defeat,27m 1s,Draven,0 / 10 / 4,P/Kill 44%,147 (5.4) CS,Control Ward 1,Level13
93,Ranked Solo,3646394899,Diamond 2,HULKSMASH1337,Defeat,26m 0s,Mordekaiser,7 / 5 / 1,P/Kill 35%,151 (5.8) CS,0,Level14
94,Ranked Solo,3646387705,Diamond 2,HULKSMASH1337,Defeat,27m 42s,Urgot,4 / 8 / 6,P/Kill 59%,167 (6) CS,Control Ward 3,Level14
95,Ranked Solo,3646335072,Diamond 2,HULKSMASH1337,Victory,22m 46s,Urgot,5 / 1 / 1,P/Kill 33%,194 (8.5) CS,Control Ward 1,Level15
96,Ranked Solo,3646321599,Diamond 2,HULKSMASH1337,Victory,21m 18s,Mordekaiser,5 / 2 / 3,P/Kill 40%,162 (7.6) CS,Control Ward 1,Level14
97,Ranked Solo,3646297597,Diamond 2,HULKSMASH1337,Victory,19m 1s,Mordekaiser,4 / 1 / 3,P/Kill 23%,145 (7.6) CS,Control Ward 2,Level12
98,Ranked Solo,3646274070,Diamond 2,HULKSMASH1337,Defeat,21m 29s,Olaf,0 / 4 / 2,P/Kill 40%,127 (5.9) CS,Control Ward 2,Level12
99,Ranked Solo,3646269930,Diamond 3,HULKSMASH1337,Victory,24m 49s,Olaf,6 / 2 / 7,P/Kill 38%,165 (6.6) CS,Control Ward 2,Level14
100,Ranked Solo,3646224375,Diamond 2,HULKSMASH1337,Defeat,36m 31s,Heimerdinger,4 / 11 / 18,P/Kill 61%,192 (5.3) CS,Control Ward 7,Level17
101,Ranked Solo,3646157932,Diamond 2,HULKSMASH1337,Defeat,47m 32s,Malphite,3 / 10 / 16,P/Kill 54%,267 (5.6) CS,Control Ward 5,Level18
102,Ranked Solo,3646144340,Diamond 3,HULKSMASH1337,Defeat,26m 57s,Cho'Gath,5 / 7 / 2,P/Kill 47%,146 (5.4) CS,Control Ward 5,Level14
103,Ranked Solo,3645764288,Diamond 2,HULKSMASH1337,Victory,36m 59s,Draven,17 / 4 / 10,P/Kill 75%,348 (9.4) CS,Control Ward 2,Level18
104,Ranked Solo,3645749598,Diamond 2,HULKSMASH1337,Defeat,24m 17s,Urgot,3 / 5 / 5,P/Kill 33%,129 (5.3) CS,Control Ward 2,Level13
105,Ranked Solo,3645743934,Diamond 2,HULKSMASH1337,Defeat,30m 32s,Mordekaiser,4 / 7 / 7,P/Kill 30%,145 (4.7) CS,Control Ward 3,Level14
106,Ranked Solo,3645710128,Diamond 2,HULKSMASH1337,Defeat,24m 27s,Quinn,3 / 6 / 2,P/Kill 38%,138 (5.6) CS,Control Ward 3,Level13
107,Ranked Solo,3645671764,Diamond 2,HULKSMASH1337,Victory,42m 49s,Mordekaiser,5 / 7 / 3,P/Kill 36%,263 (6.1) CS,Control Ward 4,Level18
108,Ranked Solo,3645596366,Diamond 2,HULKSMASH1337,Victory,25m 37s,Malphite,2 / 4 / 5,P/Kill 27%,139 (5.4) CS,Control Ward 2,Level13
109,Ranked Solo,3645538372,Diamond 2,HULKSMASH1337,Victory,27m 6s,Mordekaiser,5 / 2 / 2,P/Kill 39%,144 (5.3) CS,Control Ward 1,Level14
110,Ranked Solo,3645491863,Diamond 2,HULKSMASH1337,Victory,28m 37s,Urgot,3 / 5 / 11,P/Kill 54%,202 (7.1) CS,Control Ward 2,Level15
111,Ranked Solo,3645421871,Diamond 2,HULKSMASH1337,Victory,28m 32s,Cho'Gath,4 / 4 / 1,P/Kill 22%,187 (6.6) CS,Control Ward 2,Level15
112,Ranked Solo,3645376784,Diamond 2,HULKSMASH1337,Victory,15m 50s,Cho'Gath,1 / 1 / 0,P/Kill 6%,116 (7.3) CS,Control Ward 1,Level10
113,Ranked Solo,3645317537,Diamond 3,HULKSMASH1337,Victory,27m 59s,Olaf,5 / 5 / 6,P/Kill 41%,186 (6.6) CS,Control Ward 4,Level15
114,Ranked Solo,3645248418,Diamond 3,HULKSMASH1337,Victory,30m 37s,Vayne,7 / 9 / 5,P/Kill 38%,181 (5.9) CS,Control Ward 5,Level15
115,Ranked Solo,3645159561,Diamond 2,HULKSMASH1337,Defeat,28m 20s,Urgot,3 / 4 / 1,P/Kill 40%,212 (7.5) CS,Control Ward 5,Level15
116,Ranked Solo,3645142068,Diamond 2,HULKSMASH1337,Victory,28m 19s,Mordekaiser,5 / 4 / 4,P/Kill 25%,188 (6.6) CS,Control Ward 5,Level16
117,Ranked Solo,3645074933,Diamond 2,HULKSMASH1337,Victory,26m 8s,Mordekaiser,1 / 4 / 9,P/Kill 59%,148 (5.7) CS,Control Ward 2,Level14
118,Ranked Solo,3644948400,Diamond 3,HULKSMASH1337,Victory,27m 20s,Mordekaiser,8 / 1 / 13,P/Kill 58%,196 (7.2) CS,Control Ward 2,Level17
119,Ranked Solo,3644932874,Diamond 3,HULKSMASH1337,Defeat,32m 34s,Camille,7 / 9 / 6,P/Kill 52%,152 (4.7) CS,Control Ward 2,Level14
120,Ranked Solo,3644709059,Diamond 2,HULKSMASH1337,Defeat,18m 50s,Riven,0 / 5 / 0,P/Kill 0%,79 (4.2) CS,Control Ward 1,Level10
121,Ranked Solo,3644714396,Diamond 3,HULKSMASH1337,Defeat,27m 22s,Urgot,5 / 7 / 4,P/Kill 64%,171 (6.2) CS,Control Ward 1,Level14
122,Ranked Solo,3644628880,Diamond 2,HULKSMASH1337,Victory,28m 9s,Wukong,0 / 3 / 3,P/Kill 9%,205 (7.3) CS,Control Ward 2,Level15
123,Ranked Solo,3644573022,Diamond 2,HULKSMASH1337,Victory,44m 54s,Mordekaiser,9 / 6 / 11,P/Kill 43%,268 (6) CS,Control Ward 7,Level18
124,Ranked Solo,3644558839,Diamond 3,HULKSMASH1337,Defeat,24m 44s,Olaf,4 / 5 / 1,P/Kill 33%,158 (6.4) CS,Control Ward 3,Level13
125,Ranked Solo,3644504314,Diamond 3,HULKSMASH1337,Victory,38m 13s,Vayne,12 / 8 / 11,P/Kill 46%,212 (5.5) CS,Control Ward 4,Level18
126,Ranked Solo,3644448314,Diamond 3,HULKSMASH1337,Defeat,45m 24s,Urgot,13 / 9 / 4,P/Kill 53%,300 (6.6) CS,Control Ward 9,Level18
127,Ranked Solo,3640957497,Diamond 2,HULKSMASH1337,Victory,25m 33s,Mordekaiser,7 / 2 / 5,P/Kill 52%,223 (8.7) CS,Control Ward 2,Level16
128,Ranked Solo,3640950872,Diamond 2,HULKSMASH1337,Defeat,27m 33s,Ivern,3 / 5 / 9,P/Kill 52%,60 (2.2) CS,Control Ward 4,Level11
129,Ranked Solo,3640882596,Diamond 2,HULKSMASH1337,Defeat,36m 11s,Urgot,4 / 13 / 4,P/Kill 36%,208 (5.7) CS,Control Ward 3,Level16
130,Ranked Solo,3640846162,Diamond 2,HULKSMASH1337,Defeat,15m 23s,Mordekaiser,0 / 4 / 2,P/Kill 67%,74 (4.8) CS,0,Level9
131,Ranked Solo,3640759067,Diamond 2,HULKSMASH1337,Defeat,24m 37s,Urgot,10 / 2 / 6,P/Kill 84%,204 (8.3) CS,Control Ward 3,Level15
132,Ranked Solo,3640723145,Diamond 2,HULKSMASH1337,Defeat,23m 55s,Teemo,1 / 6 / 3,P/Kill 44%,138 (5.8) CS,Control Ward 4,Level12
133,Ranked Solo,3640695423,Diamond 2,HULKSMASH1337,Victory,24m 0s,Mordekaiser,1 / 4 / 6,P/Kill 26%,141 (5.9) CS,Control Ward 3,Level14
134,Ranked Solo,3640596280,Diamond 2,HULKSMASH1337,Defeat,37m 41s,Draven,5 / 11 / 5,P/Kill 29%,249 (6.6) CS,Control Ward 4,Level17
135,Ranked Solo,3640547912,Diamond 2,HULKSMASH1337,Defeat,33m 2s,Cho'Gath,0 / 10 / 10,P/Kill 34%,142 (4.3) CS,Control Ward 2,Level14
136,Ranked Solo,3640511390,Diamond 2,HULKSMASH1337,Defeat,25m 2s,Olaf,1 / 6 / 3,P/Kill 50%,152 (6.1) CS,Control Ward 1,Level13
137,Ranked Solo,3640444348,Diamond 3,HULKSMASH1337,Victory,31m 11s,Urgot,5 / 4 / 9,P/Kill 58%,208 (6.7) CS,Control Ward 1,Level16
138,Ranked Solo,3640408918,Diamond 2,HULKSMASH1337,Victory,25m 3s,Draven,4 / 1 / 5,P/Kill 38%,188 (7.5) CS,Control Ward 3,Level14
139,Ranked Solo,3640432790,Diamond 2,HULKSMASH1337,Defeat,31m 26s,Vayne,10 / 3 / 2,P/Kill 55%,248 (7.9) CS,Control Ward 3,Level17
140,Ranked Solo,3640355260,Diamond 2,HULKSMASH1337,Victory,43m 3s,Urgot,17 / 7 / 7,P/Kill 56%,275 (6.4) CS,Control Ward 3,Level18
141,Ranked Solo,3640300640,Diamond 3,HULKSMASH1337,Victory,32m 20s,Mordekaiser,11 / 7 / 2,P/Kill 36%,186 (5.8) CS,Control Ward 2,Level16
142,Ranked Solo,3640253053,Diamond 3,HULKSMASH1337,Victory,33m 22s,Vayne,11 / 3 / 6,P/Kill 81%,243 (7.3) CS,Control Ward 4,Level17
143,Ranked Solo,3640168835,Diamond 2,HULKSMASH1337,Defeat,27m 24s,Mordekaiser,2 / 6 / 0,P/Kill 12%,192 (7) CS,Control Ward 5,Level14
144,Ranked Solo,3640194752,Diamond 3,HULKSMASH1337,Defeat,22m 21s,Mordekaiser,5 / 5 / 0,P/Kill 38%,177 (7.9) CS,Control Ward 3,Level14
145,Ranked Solo,3639506093,Diamond 2,HULKSMASH1337,Victory,30m 16s,Mordekaiser,6 / 6 / 8,P/Kill 39%,202 (6.7) CS,Control Ward 4,Level16
146,Ranked Solo,3639445622,Diamond 2,HULKSMASH1337,Victory,29m 32s,Olaf,5 / 9 / 4,P/Kill 24%,158 (5.3) CS,Control Ward 1,Level15
147,URF,3639006932,None,HULKSMASH1337,Defeat,23m 31s,Ekko,19 / 18 / 12,P/Kill 55%,120 (5.1) CS,0,Level20
148,URF,3639010979,None,HULKSMASH1337,Defeat,20m 7s,Azir,7 / 18 / 11,P/Kill 36%,89 (4.4) CS,Control Ward 1,Level18
149,Ranked Solo,3638911892,Diamond 3,HULKSMASH1337,Victory,27m 13s,Draven,5 / 5 / 9,P/Kill 41%,213 (7.8) CS,Control Ward 1,Level15
150,Ranked Solo,3638863723,Diamond 3,HULKSMASH1337,Victory,29m 10s,Quinn,4 / 6 / 12,P/Kill 62%,156 (5.3) CS,Control Ward 3,Level14
151,URF,3638688382,None,HULKSMASH1337,Victory,16m 19s,Xerath,8 / 14 / 19,P/Kill 63%,32 (2) CS,0,Level14
152,Ranked Solo,3638650817,Diamond 3,HULKSMASH1337,Victory,26m 42s,Urgot,8 / 2 / 4,P/Kill 57%,212 (7.9) CS,Control Ward 1,Level16
153,Ranked Solo,3638615487,Diamond 3,HULKSMASH1337,Victory,27m 33s,Urgot,8 / 2 / 7,P/Kill 52%,241 (8.7) CS,Control Ward 3,Level16
154,Ranked Solo,3638560266,Diamond 2,HULKSMASH1337,Victory,28m 35s,Gangplank,2 / 6 / 14,P/Kill 42%,157 (5.5) CS,Control Ward 1,Level16
155,Ranked Solo,3638496171,Diamond 3,HULKSMASH1337,Victory,25m 7s,Mordekaiser,5 / 1 / 2,P/Kill 24%,203 (8.1) CS,Control Ward 3,Level16
156,Ranked Solo,3638049585,Diamond 3,HULKSMASH1337,Defeat,25m 23s,Malphite,2 / 5 / 6,P/Kill 67%,130 (5.1) CS,Control Ward 2,Level13
157,Ranked Solo,3638055172,Diamond 3,HULKSMASH1337,Defeat,34m 28s,Cho'Gath,8 / 11 / 13,P/Kill 47%,145 (4.2) CS,Control Ward 2,Level16
158,Ranked Solo,3638030846,Diamond 3,HULKSMASH1337,Victory,29m 11s,Olaf,7 / 7 / 17,P/Kill 56%,130 (4.5) CS,Control Ward 2,Level15
159,Ranked Solo,3637924036,Diamond 3,HULKSMASH1337,Defeat,44m 22s,Olaf,7 / 13 / 5,P/Kill 36%,185 (4.2) CS,Control Ward 3,Level17
160,Ranked Solo,3637908142,Diamond 3,HULKSMASH1337,Victory,29m 11s,Olaf,8 / 8 / 5,P/Kill 50%,162 (5.6) CS,Control Ward 2,Level16
161,Ranked Solo,3637862306,Diamond 2,HULKSMASH1337,Defeat,26m 58s,Mordekaiser,1 / 9 / 4,P/Kill 38%,186 (6.9) CS,Control Ward 3,Level14
162,Ranked Solo,3637833318,Diamond 3,HULKSMASH1337,Defeat,37m 46s,Vayne,16 / 8 / 10,P/Kill 65%,251 (6.6) CS,Control Ward 4,Level18
163,Ranked Solo,3637746720,Diamond 3,HULKSMASH1337,Defeat,28m 19s,Mordekaiser,1 / 10 / 2,P/Kill 15%,182 (6.4) CS,Control Ward 3,Level14
164,Ranked Solo,3637751280,Diamond 3,HULKSMASH1337,Victory,17m 30s,Mordekaiser,2 / 3 / 1,P/Kill 21%,104 (5.9) CS,Control Ward 2,Level11
165,Ranked Solo,3637681499,Diamond 3,HULKSMASH1337,Defeat,29m 39s,Olaf,3 / 10 / 12,P/Kill 44%,150 (5.1) CS,Control Ward 4,Level15
166,Ranked Solo,3637606521,Diamond 3,HULKSMASH1337,Defeat,18m 23s,Olaf,3 / 1 / 0,P/Kill 38%,147 (8) CS,Control Ward 3,Level12
167,Ranked Solo,3637590898,Diamond 2,HULKSMASH1337,Defeat,15m 21s,Cho'Gath,1 / 1 / 0,P/Kill 100%,81 (5.3) CS,Control Ward 1,Level9
168,Ranked Solo,3637502907,Diamond 2,HULKSMASH1337,Defeat,30m 18s,Urgot,6 / 5 / 11,P/Kill 81%,185 (6.1) CS,Control Ward 4,Level15
169,Ranked Solo,3637483458,Diamond 3,HULKSMASH1337,Victory,36m 25s,Olaf,4 / 4 / 10,P/Kill 47%,222 (6.1) CS,Control Ward 7,Level18
170,Ranked Solo,3637368282,Diamond 2,HULKSMASH1337,Victory,28m 55s,Draven,0 / 8 / 5,P/Kill 19%,173 (6) CS,Control Ward 1,Level14
171,Ranked Solo,3637394483,Diamond 2,HULKSMASH1337,Defeat,15m 25s,Olaf,1 / 1 / 1,P/Kill 40%,100 (6.5) CS,Control Ward 1,Level11
172,Ranked Solo,3637337964,Diamond 2,HULKSMASH1337,Defeat,31m 30s,Olaf,4 / 8 / 9,P/Kill 54%,204 (6.5) CS,Control Ward 6,Level16
173,Ranked Solo,3637323301,Diamond 2,HULKSMASH1337,Victory,31m 2s,Malphite,1 / 2 / 7,P/Kill 24%,177 (5.7) CS,Control Ward 3,Level16
174,Ranked Solo,3637290652,Diamond 2,HULKSMASH1337,Victory,16m 9s,Olaf,1 / 1 / 2,P/Kill 15%,116 (7.2) CS,Control Ward 2,Level11
175,Ranked Solo,3637246236,Diamond 2,HULKSMASH1337,Victory,26m 4s,Olaf,7 / 0 / 1,P/Kill 42%,192 (7.4) CS,Control Ward 4,Level16
176,Ranked Solo,3637241861,Diamond 3,HULKSMASH1337,Defeat,30m 24s,Vayne,6 / 7 / 5,P/Kill 48%,185 (6.1) CS,Control Ward 5,Level15
177,Ranked Solo,3637168621,Diamond 2,HULKSMASH1337,Victory,22m 6s,Vayne,1 / 1 / 3,P/Kill 31%,185 (8.4) CS,Control Ward 4,Level14
178,Ranked Solo,3636396715,Diamond 3,HULKSMASH1337,Victory,13m 19s,Draven,6 / 0 / 0,P/Kill 67%,112 (8.4) CS,Control Ward 1,Level10
179,Ranked Solo,3636379514,Diamond 2,HULKSMASH1337,Victory,21m 5s,Olaf,6 / 1 / 6,P/Kill 36%,154 (7.3) CS,Control Ward 4,Level13
180,Ranked Solo,3636315746,Diamond 3,HULKSMASH1337,Defeat,35m 9s,Olaf,0 / 9 / 11,P/Kill 34%,151 (4.3) CS,Control Ward 3,Level15
181,Ranked Solo,3636298931,Diamond 3,HULKSMASH1337,Victory,24m 51s,Cho'Gath,6 / 1 / 1,P/Kill 39%,177 (7.1) CS,Control Ward 2,Level15
182,Ranked Solo,3636239198,Diamond 3,HULKSMASH1337,Victory,27m 48s,Olaf,15 / 6 / 8,P/Kill 64%,144 (5.2) CS,Control Ward 4,Level15
183,Ranked Solo,3636193297,Diamond 3,HULKSMASH1337,Defeat,31m 14s,Olaf,4 / 6 / 5,P/Kill 35%,169 (5.4) CS,Control Ward 3,Level14
184,Ranked Solo,3636108564,Diamond 3,HULKSMASH1337,Victory,18m 23s,Olaf,8 / 1 / 3,P/Kill 46%,121 (6.6) CS,Control Ward 2,Level13
185,Ranked Solo,3636140756,Diamond 3,HULKSMASH1337,Defeat,22m 58s,Urgot,1 / 7 / 0,P/Kill 14%,106 (4.6) CS,Control Ward 1,Level11
186,Ranked Solo,3636043222,Diamond 3,HULKSMASH1337,Victory,26m 16s,Olaf,2 / 9 / 2,P/Kill 15%,147 (5.6) CS,Control Ward 1,Level13
187,Ranked Solo,3636022468,Diamond 3,HULKSMASH1337,Victory,31m 3s,Olaf,10 / 6 / 9,P/Kill 58%,193 (6.2) CS,Control Ward 3,Level17
188,Ranked Solo,3635908917,Diamond 2,HULKSMASH1337,Defeat,23m 24s,Gangplank,0 / 7 / 5,P/Kill 63%,144 (6.2) CS,Control Ward 2,Level13
189,Ranked Solo,3635910407,Diamond 3,HULKSMASH1337,Victory,27m 25s,Olaf,9 / 2 / 10,P/Kill 54%,208 (7.6) CS,Control Ward 3,Level16
190,Ranked Solo,3635834625,Diamond 3,HULKSMASH1337,Defeat,33m 21s,Olaf,3 / 7 / 12,P/Kill 63%,202 (6.1) CS,Control Ward 2,Level17
191,Ranked Solo,3635768972,Diamond 3,HULKSMASH1337,Defeat,32m 49s,Olaf,2 / 6 / 3,P/Kill 21%,243 (7.4) CS,Control Ward 2,Level16
192,Ranked Solo,3635802660,Diamond 3,HULKSMASH1337,Victory,22m 46s,Olaf,3 / 5 / 2,P/Kill 19%,184 (8.1) CS,Control Ward 2,Level13
193,Ranked Solo,3635740326,Diamond 2,HULKSMASH1337,Defeat,27m 56s,Olaf,4 / 6 / 3,P/Kill 54%,179 (6.4) CS,Control Ward 3,Level15
194,Ranked Solo,3635536362,Diamond 3,HULKSMASH1337,Victory,27m 11s,Olaf,8 / 2 / 8,P/Kill 59%,173 (6.4) CS,Control Ward 2,Level15
195,Ranked Solo,3635429132,Diamond 3,HULKSMASH1337,Defeat,38m 56s,Olaf,5 / 7 / 11,P/Kill 62%,252 (6.5) CS,Control Ward 2,Level18
196,Ranked Solo,3635395529,Diamond 2,HULKSMASH1337,Defeat,26m 58s,Vayne,3 / 5 / 5,P/Kill 44%,176 (6.5) CS,Control Ward 1,Level14
197,Ranked Solo,3635411759,Diamond 3,HULKSMASH1337,Victory,19m 7s,Olaf,3 / 2 / 3,P/Kill 26%,153 (8) CS,Control Ward 1,Level12
198,Ranked Solo,3634890410,Diamond 3,HULKSMASH1337,Victory,42m 51s,Mordekaiser,11 / 8 / 11,P/Kill 43%,254 (5.9) CS,Control Ward 2,Level18
199,Ranked Solo,3634814290,Diamond 3,HULKSMASH1337,Victory,24m 57s,Olaf,4 / 3 / 6,P/Kill 36%,189 (7.6) CS,Control Ward 1,Level15
200,Ranked Solo,3651284464,Grandmaster,Revenge,Defeat,26m 59s,Sylas,5 / 5 / 3,P/Kill 50%,192 (7.1) CS,Control Ward 2,Level14
201,Ranked Solo,3651129341,Grandmaster,Revenge,Defeat,20m 10s,Akali,7 / 9 / 0,P/Kill 47%,124 (6.1) CS,Control Ward 1,Level12
202,Ranked Solo,3649501009,Grandmaster,Revenge,Victory,30m 3s,Camille,3 / 4 / 8,P/Kill 52%,198 (6.6) CS,Control Ward 1,Level15
203,Ranked Solo,3645382085,Challenger,Revenge,Victory,29m 27s,Jayce,3 / 2 / 10,P/Kill 57%,234 (7.9) CS,Control Ward 3,Level16
204,Ranked Solo,3645244219,Grandmaster,Revenge,Victory,23m 49s,Akali,2 / 6 / 12,P/Kill 52%,140 (5.9) CS,Control Ward 1,Level13
205,Ranked Solo,3635860553,Grandmaster,Revenge,Victory,25m 8s,Akali,3 / 4 / 5,P/Kill 26%,186 (7.4) CS,Control Ward 1,Level14
206,Ranked Solo,3634411139,Grandmaster,Revenge,Victory,20m 13s,Fiora,10 / 3 / 11,P/Kill 55%,167 (8.3) CS,Control Ward 1,Level13
207,Ranked Solo,3634295209,Challenger,Revenge,Victory,33m 16s,Akali,10 / 2 / 10,P/Kill 56%,282 (8.5) CS,Control Ward 5,Level18
208,Ranked Solo,3634248686,Grandmaster,Revenge,Defeat,28m 55s,Camille,1 / 9 / 4,P/Kill 29%,163 (5.6) CS,Control Ward 4,Level13
209,Ranked Solo,3634169628,Grandmaster,Revenge,Victory,36m 0s,Wukong,7 / 9 / 11,P/Kill 38%,201 (5.6) CS,Control Ward 4,Level17
210,Ranked Solo,3634143501,Grandmaster,Revenge,Defeat,39m 6s,Fiora,3 / 13 / 4,P/Kill 22%,276 (7.1) CS,Control Ward 4,Level18
211,Ranked Solo,3634097527,Grandmaster,Revenge,Defeat,33m 39s,Akali,5 / 7 / 4,P/Kill 39%,228 (6.8) CS,Control Ward 4,Level16
212,Ranked Solo,3632997456,Grandmaster,Revenge,Defeat,36m 12s,Jayce,4 / 8 / 4,P/Kill 33%,226 (6.2) CS,0,Level16
213,Ranked Solo,3623374981,Challenger,Revenge,Defeat,29m 0s,Camille,3 / 9 / 4,P/Kill 33%,194 (6.7) CS,Control Ward 3,Level15
214,Ranked Solo,3623318373,Challenger,Revenge,Victory,24m 8s,Jayce,4 / 2 / 7,P/Kill 44%,228 (9.4) CS,Control Ward 3,Level15
215,Ranked Solo,3623319740,Grandmaster,Revenge,Victory,31m 59s,Wukong,8 / 5 / 11,P/Kill 58%,275 (8.6) CS,Control Ward 4,Level18
216,Ranked Solo,3623109258,Challenger,Revenge,Defeat,36m 22s,Akali,13 / 8 / 3,P/Kill 55%,203 (5.6) CS,Control Ward 3,Level16
217,Ranked Solo,3623063641,Grandmaster,Revenge,Defeat,26m 58s,Akali,10 / 8 / 2,P/Kill 75%,170 (6.3) CS,Control Ward 1,Level14
218,Flex 5:5 Rank,3622220181,Diamond 3,Revenge,Victory,35m 44s,Yone,11 / 10 / 6,P/Kill 36%,306 (8.6) CS,Control Ward 3,Level18
219,Flex 5:5 Rank,3622145154,Diamond 3,Revenge,Victory,23m 51s,Yone,22 / 5 / 12,P/Kill 72%,185 (7.8) CS,Control Ward 4,Level17
220,Ranked Solo,3621629727,Grandmaster,Revenge,Defeat,23m 10s,Camille,2 / 8 / 8,P/Kill 50%,131 (5.7) CS,0,Level12
221,Ranked Solo,3621435278,Grandmaster,Revenge,Victory,23m 41s,Fiora,6 / 4 / 5,P/Kill 48%,195 (8.2) CS,Control Ward 4,Level15
222,Flex 5:5 Rank,3615486972,Gold 1,Revenge,Victory,32m 37s,Tahm Kench,8 / 12 / 16,P/Kill 44%,105 (3.2) CS,Control Ward 3,Level16
223,Flex 5:5 Rank,3614909880,Platinum 2,Revenge,Defeat,36m 9s,Tahm Kench,5 / 11 / 18,P/Kill 58%,159 (4.4) CS,Control Ward 2,Level16
224,Ranked Solo,3614335505,Challenger,Revenge,Victory,34m 18s,Akali,16 / 6 / 7,P/Kill 72%,183 (5.3) CS,Control Ward 5,Level17
225,Ranked Solo,3614316580,Challenger,Revenge,Victory,25m 11s,Camille,18 / 4 / 7,P/Kill 81%,177 (7) CS,0,Level16
226,Ranked Solo,3614312078,Grandmaster,Revenge,Defeat,15m 46s,Fiora,2 / 2 / 1,P/Kill 33%,109 (6.9) CS,Control Ward 2,Level10
227,Flex 5:5 Rank,3611430068,Gold 1,Revenge,Victory,35m 32s,Qiyana,18 / 14 / 12,P/Kill 54%,191 (5.4) CS,Control Ward 5,Level18
228,ARAM,3611357429,None,Revenge,Defeat,12m 40s,Ezreal,6 / 7 / 12,P/Kill 58%,30 (2.4) CS,0,Level12
229,Ranked Solo,3610263121,Grandmaster,Revenge,Defeat,27m 43s,Riven,7 / 4 / 5,P/Kill 67%,213 (7.7) CS,Control Ward 2,Level15
230,Ranked Solo,3610209986,Grandmaster,Revenge,Victory,18m 35s,Fiora,8 / 2 / 3,P/Kill 50%,171 (9.2) CS,Control Ward 3,Level13
231,Ranked Solo,3610102823,Grandmaster,Revenge,Victory,36m 2s,Samira,12 / 1 / 8,P/Kill 59%,321 (8.9) CS,Control Ward 2,Level18
232,Ranked Solo,3610027291,Grandmaster,Revenge,Victory,9m 48s,Jayce,1 / 0 / 2,P/Kill 25%,61 (6.2) CS,Control Ward 1,Level8
233,Ranked Solo,3604074481,Grandmaster,Revenge,Victory,30m 50s,Fiora,14 / 4 / 4,P/Kill 67%,260 (8.4) CS,Control Ward 2,Level18
234,Ranked Solo,3603829902,Grandmaster,Revenge,Victory,22m 5s,Riven,5 / 5 / 4,P/Kill 35%,174 (7.9) CS,Control Ward 3,Level13
235,Ranked Solo,3603814402,Challenger,Revenge,Victory,15m 19s,Riven,6 / 1 / 2,P/Kill 47%,135 (8.8) CS,0,Level12
236,ARAM,3602844249,None,Revenge,Defeat,19m 36s,Riven,22 / 14 / 13,P/Kill 66%,53 (2.7) CS,0,Level18
237,ARAM,3602781697,None,Revenge,Victory,16m 46s,Camille,16 / 9 / 18,P/Kill 77%,61 (3.6) CS,0,Level17
238,URF,3602766973,None,Revenge,Defeat,18m 10s,Lillia,20 / 11 / 13,P/Kill 66%,123 (6.8) CS,0,Level16
239,URF,3602742638,None,Revenge,Victory,18m 41s,Yone,22 / 13 / 11,P/Kill 61%,138 (7.4) CS,0,Level17
240,Ranked Solo,3602511173,Grandmaster,Revenge,Victory,30m 34s,Jayce,4 / 10 / 9,P/Kill 45%,203 (6.6) CS,0,Level15
241,Ranked Solo,3602434748,Challenger,Revenge,Victory,20m 20s,Fiora,5 / 2 / 7,P/Kill 50%,171 (8.4) CS,Control Ward 1,Level13
242,Ranked Solo,3602417608,Challenger,Revenge,Victory,19m 19s,Yone,10 / 2 / 0,P/Kill 48%,163 (8.4) CS,Control Ward 1,Level13
243,Ranked Solo,3602381527,Challenger,Revenge,Victory,23m 14s,Fiora,6 / 2 / 5,P/Kill 65%,192 (8.3) CS,Control Ward 2,Level14
244,Ranked Solo,3602339883,Challenger,Revenge,Victory,42m 7s,Akali,12 / 12 / 10,P/Kill 55%,193 (4.6) CS,Control Ward 7,Level17
245,ARAM,3601483374,None,Revenge,Victory,16m 24s,Ryze,14 / 10 / 34,P/Kill 75%,55 (3.4) CS,0,Level17
246,ARAM,3601427374,None,Revenge,Defeat,23m 26s,Hecarim,14 / 16 / 27,P/Kill 77%,59 (2.5) CS,0,Level18
247,ARAM,3601390323,None,Revenge,Victory,25m 50s,Riven,19 / 14 / 18,P/Kill 59%,105 (4.1) CS,0,Level18
248,ARAM,3601374698,None,Revenge,Defeat,20m 7s,Kalista,8 / 13 / 14,P/Kill 47%,82 (4.1) CS,0,Level17
249,ARAM,3601361762,None,Revenge,Victory,9m 6s,Wukong,11 / 6 / 9,P/Kill 87%,7 (0.8) CS,0,Level10
250,ARAM,3601279150,None,Revenge,Victory,9m 53s,Samira,12 / 5 / 17,P/Kill 88%,39 (3.9) CS,0,Level12
251,URF,3601180587,None,Revenge,Victory,19m 44s,Samira,29 / 18 / 18,P/Kill 71%,101 (5.1) CS,0,Level18
252,URF,3601136592,None,Revenge,Victory,13m 54s,Samira,36 / 4 / 9,P/Kill 67%,102 (7.3) CS,0,Level15
253,URF,3601163270,None,Revenge,Victory,9m 9s,Samira,18 / 6 / 11,P/Kill 62%,59 (6.4) CS,0,Level9
254,Ranked Solo,3601046694,Challenger,Revenge,Defeat,26m 57s,Samira,5 / 9 / 9,P/Kill 64%,186 (6.9) CS,Control Ward 3,Level14
255,Ranked Solo,3601028362,Grandmaster,Revenge,Victory,21m 27s,Samira,14 / 2 / 3,P/Kill 59%,193 (9) CS,Control Ward 2,Level15
256,Ranked Solo,3601022280,Grandmaster,Revenge,Victory,25m 23s,Riven,10 / 4 / 3,P/Kill 36%,191 (7.5) CS,Control Ward 2,Level15
257,URF,3599701796,None,Revenge,Victory,9m 48s,Lucian,25 / 5 / 6,P/Kill 69%,95 (9.7) CS,0,Level10
258,Ranked Solo,3599539394,Grandmaster,Revenge,Defeat,40m 6s,Akali,12 / 7 / 6,P/Kill 49%,246 (6.1) CS,Control Ward 5,Level18
259,Ranked Solo,3599466894,Grandmaster,Revenge,Victory,31m 22s,Samira,19 / 12 / 6,P/Kill 58%,203 (6.5) CS,Control Ward 1,Level17
260,Ranked Solo,3599402787,Challenger,Revenge,Defeat,22m 1s,Irelia,6 / 10 / 5,P/Kill 69%,156 (7.1) CS,Control Ward 2,Level12
261,Ranked Solo,3599328450,Grandmaster,Revenge,Victory,15m 29s,Irelia,12 / 3 / 2,P/Kill 74%,134 (8.7) CS,Control Ward 2,Level12
262,Ranked Solo,3598493298,Challenger,Revenge,Victory,28m 56s,Samira,8 / 7 / 10,P/Kill 51%,190 (6.6) CS,Control Ward 2,Level15
263,Ranked Solo,3598397316,Grandmaster,Revenge,Victory,22m 17s,Camille,6 / 1 / 3,P/Kill 39%,177 (7.9) CS,Control Ward 2,Level15
264,Ranked Solo,3598288698,Grandmaster,Revenge,Defeat,32m 4s,Samira,8 / 10 / 8,P/Kill 52%,236 (7.4) CS,Control Ward 1,Level17
265,Ranked Solo,3598252581,Grandmaster,Revenge,Victory,30m 5s,Samira,10 / 10 / 12,P/Kill 69%,194 (6.4) CS,Control Ward 3,Level16
266,Ranked Solo,3598178310,Grandmaster,Revenge,Victory,23m 38s,Fiora,2 / 4 / 6,P/Kill 36%,201 (8.5) CS,Control Ward 1,Level14
267,Ranked Solo,3598194621,Challenger,Revenge,Victory,19m 9s,Vladimir,6 / 1 / 4,P/Kill 36%,135 (7) CS,Control Ward 1,Level12
268,Ranked Solo,3598200401,Grandmaster,Revenge,Victory,17m 49s,Akali,8 / 2 / 3,P/Kill 50%,150 (8.4) CS,Control Ward 1,Level13
269,ARAM,3597053084,None,Revenge,Victory,16m 35s,Irelia,14 / 13 / 21,P/Kill 69%,70 (4.2) CS,0,Level16
270,ARAM,3597040016,None,Revenge,Victory,16m 26s,Ryze,17 / 7 / 14,P/Kill 79%,98 (6) CS,0,Level17
271,Ranked Solo,3597030800,Grandmaster,Revenge,Defeat,31m 52s,Irelia,15 / 8 / 5,P/Kill 63%,280 (8.8) CS,Control Ward 1,Level17
272,Ranked Solo,3596924778,Challenger,Revenge,Victory,31m 47s,Lucian,14 / 6 / 7,P/Kill 68%,252 (7.9) CS,Control Ward 3,Level17
273,Ranked Solo,3596837712,Grandmaster,Revenge,Victory,28m 46s,Fiora,9 / 4 / 8,P/Kill 47%,224 (7.8) CS,Control Ward 4,Level16
274,Ranked Solo,3596850918,Grandmaster,Revenge,Victory,30m 35s,Renekton,8 / 2 / 12,P/Kill 57%,291 (9.5) CS,Control Ward 2,Level18
275,Ranked Solo,3596790318,Challenger,Revenge,Victory,20m 32s,Wukong,11 / 3 / 6,P/Kill 53%,137 (6.7) CS,Control Ward 1,Level13
276,Ranked Solo,3596655384,Challenger,Revenge,Defeat,24m 23s,Irelia,7 / 8 / 7,P/Kill 61%,186 (7.6) CS,Control Ward 2,Level14
277,Ranked Solo,3596620167,Challenger,Revenge,Defeat,21m 38s,Vladimir,5 / 6 / 1,P/Kill 46%,128 (5.9) CS,Control Ward 2,Level13
278,Ranked Solo,3596573692,Challenger,Revenge,Victory,34m 37s,Jayce,11 / 7 / 18,P/Kill 62%,202 (5.8) CS,Control Ward 5,Level18
279,Ranked Solo,3596559849,Grandmaster,Revenge,Defeat,26m 11s,Jayce,4 / 4 / 8,P/Kill 75%,179 (6.8) CS,0,Level14
280,Ranked Solo,3595872085,Challenger,Revenge,Defeat,18m 42s,Samira,1 / 5 / 0,P/Kill 33%,133 (7.1) CS,Control Ward 2,Level11
281,Ranked Solo,3595758041,Challenger,Revenge,Victory,17m 20s,Jayce,7 / 1 / 1,P/Kill 28%,164 (9.5) CS,Control Ward 1,Level13
282,Normal,3595732114,None,Revenge,Victory,23m 39s,Yone,25 / 0 / 12,P/Kill 86%,208 (8.8) CS,Control Ward 2,Level16
283,Ranked Solo,3595535658,Grandmaster,Revenge,Victory,21m 44s,Lucian,6 / 3 / 9,P/Kill 48%,176 (8.1) CS,Control Ward 2,Level13
284,Ranked Solo,3595491588,Grandmaster,Revenge,Victory,28m 24s,Lucian,13 / 5 / 8,P/Kill 47%,218 (7.7) CS,Control Ward 3,Level16
285,Ranked Solo,3595363569,Challenger,Revenge,Defeat,32m 23s,Ryze,12 / 7 / 4,P/Kill 84%,257 (7.9) CS,Control Ward 5,Level16
286,Ranked Solo,3595279562,Challenger,Revenge,Victory,25m 58s,Riven,3 / 5 / 11,P/Kill 33%,184 (7.1) CS,Control Ward 1,Level15
287,Normal,3595231786,None,Revenge,Victory,19m 11s,Ryze,20 / 2 / 4,P/Kill 92%,183 (9.5) CS,Control Ward 6,Level14
288,Ranked Solo,3595186445,Grandmaster,Revenge,Defeat,38m 30s,Vladimir,9 / 6 / 14,P/Kill 58%,258 (6.7) CS,Control Ward 1,Level18
289,Ranked Solo,3595192390,Grandmaster,Revenge,Victory,15m 13s,Jayce,3 / 0 / 2,P/Kill 24%,99 (6.5) CS,Control Ward 2,Level10
290,Ranked Solo,3595097225,Grandmaster,Revenge,Victory,31m 11s,Lucian,3 / 6 / 7,P/Kill 36%,192 (6.2) CS,Control Ward 4,Level14
291,Ranked Solo,3595091106,Grandmaster,Revenge,Defeat,20m 11s,Fiora,0 / 6 / 2,P/Kill 22%,135 (6.7) CS,Control Ward 3,Level11
292,Flex 5:5 Rank,3594526434,Platinum 3,Revenge,Victory,25m 12s,Caitlyn,10 / 4 / 10,P/Kill 40%,160 (6.3) CS,Control Ward 2,Level14
293,Ranked Solo,3594504510,Grandmaster,Revenge,Defeat,31m 6s,Jayce,11 / 6 / 6,P/Kill 74%,243 (7.8) CS,0,Level16
294,ARAM,3594480112,None,Revenge,Victory,16m 36s,LeBlanc,22 / 10 / 23,P/Kill 82%,29 (1.7) CS,0,Level17
295,ARAM,3594385923,None,Revenge,Victory,20m 36s,Master Yi,25 / 13 / 18,P/Kill 81%,58 (2.8) CS,0,Level18
296,ARAM,3594431427,None,Revenge,Victory,17m 46s,Zed,31 / 10 / 11,P/Kill 82%,48 (2.7) CS,0,Level18
297,ARAM,3594378052,None,Revenge,Victory,12m 21s,Ryze,11 / 7 / 14,P/Kill 66%,40 (3.2) CS,0,Level14
298,Ranked Solo,3594293004,Challenger,Revenge,Defeat,30m 51s,Fiora,1 / 6 / 2,P/Kill 25%,237 (7.7) CS,Control Ward 4,Level16
299,Ranked Solo,3594166879,Grandmaster,Revenge,Victory,30m 30s,Samira,16 / 6 / 9,P/Kill 69%,247 (8.1) CS,Control Ward 1,Level18
300,Ranked Solo,3594096543,Challenger,Revenge,Victory,28m 59s,Vladimir,8 / 2 / 4,P/Kill 32%,261 (9) CS,0,Level18
301,Ranked Solo,3594029910,Grandmaster,Revenge,Victory,33m 1s,Jayce,4 / 7 / 16,P/Kill 49%,240 (7.3) CS,Control Ward 2,Level18
302,ARAM,3593196764,None,Revenge,Victory,26m 16s,Sylas,17 / 15 / 21,P/Kill 58%,54 (2.1) CS,0,Level18
303,Ranked Solo,3592927875,Grandmaster,Revenge,Defeat,15m 12s,Vladimir,1 / 4 / 1,P/Kill 50%,67 (4.4) CS,Control Ward 1,Level9
304,Ranked Solo,3592929759,Grandmaster,Revenge,Defeat,15m 34s,Jayce,4 / 6 / 1,P/Kill 50%,105 (6.7) CS,Control Ward 1,Level10
305,Ranked Solo,3592685911,Challenger,Revenge,Victory,25m 36s,Fiora,11 / 5 / 4,P/Kill 37%,183 (7.1) CS,Control Ward 1,Level14
306,Ranked Solo,3592598505,Grandmaster,Revenge,Victory,28m 28s,Fiora,12 / 4 / 5,P/Kill 35%,219 (7.7) CS,Control Ward 4,Level17
307,Ranked Solo,3592583567,Challenger,Revenge,Defeat,22m 43s,Renekton,2 / 6 / 0,P/Kill 33%,172 (7.6) CS,Control Ward 3,Level12
308,Ranked Solo,3592399647,Grandmaster,Revenge,Victory,23m 49s,Jayce,9 / 2 / 5,P/Kill 50%,216 (9.1) CS,Control Ward 1,Level15
309,Ranked Solo,3592395279,Grandmaster,Revenge,Victory,17m 35s,Fiora,1 / 2 / 5,P/Kill 24%,130 (7.4) CS,Control Ward 1,Level11
310,Flex 5:5 Rank,3591977533,Gold 4,Revenge,Victory,32m 22s,Riven,20 / 7 / 5,P/Kill 52%,254 (7.8) CS,Control Ward 1,Level17
311,Ranked Solo,3591707969,Grandmaster,Revenge,Defeat,15m 24s,Lucian,2 / 3 / 0,P/Kill 20%,127 (8.2) CS,Control Ward 2,Level11
312,Ranked Solo,3591587261,Grandmaster,Revenge,Defeat,26m 47s,Lucian,6 / 7 / 6,P/Kill 57%,223 (8.3) CS,Control Ward 2,Level13
313,Ranked Solo,3591516899,Grandmaster,Revenge,Victory,36m 12s,Fiora,18 / 9 / 12,P/Kill 60%,291 (8) CS,Control Ward 4,Level18
314,Flex 5:5 Rank,3591349255,Silver 1,Revenge,Defeat,23m 27s,Viktor,2 / 7 / 4,P/Kill 30%,181 (7.7) CS,Control Ward 1,Level14
315,Flex 5:5 Rank,3591325746,Silver 1,Revenge,Victory,20m 37s,Draven,7 / 9 / 2,P/Kill 32%,130 (6.3) CS,Control Ward 2,Level12
316,ARAM,3590136349,None,Revenge,Victory,22m 55s,Zed,23 / 11 / 19,P/Kill 78%,98 (4.3) CS,0,Level18
317,Ranked Solo,3590030673,Grandmaster,Revenge,Victory,36m 27s,Samira,14 / 11 / 15,P/Kill 55%,262 (7.2) CS,Control Ward 3,Level18
318,Ranked Solo,3589963893,Challenger,Revenge,Victory,19m 41s,Samira,12 / 2 / 4,P/Kill 73%,178 (9) CS,Control Ward 1,Level14
319,Ranked Solo,3589609541,Grandmaster,Revenge,Defeat,20m 26s,Vladimir,2 / 4 / 1,P/Kill 38%,162 (7.9) CS,Control Ward 2,Level13
320,Ranked Solo,3589555732,Challenger,Revenge,Victory,21m 24s,Quinn,10 / 2 / 3,P/Kill 45%,170 (7.9) CS,Control Ward 2,Level14
321,Ranked Solo,3589610397,Grandmaster,Revenge,Victory,26m 49s,Vladimir,10 / 3 / 7,P/Kill 45%,210 (7.8) CS,Control Ward 2,Level16
322,Ranked Solo,3589506908,Grandmaster,Revenge,Victory,24m 32s,Fiora,8 / 2 / 8,P/Kill 57%,211 (8.6) CS,Control Ward 4,Level16
323,Ranked Solo,3588867261,Challenger,Revenge,Victory,32m 4s,Samira,8 / 8 / 15,P/Kill 59%,207 (6.5) CS,Control Ward 3,Level17
324,Ranked Solo,3588758597,Grandmaster,Revenge,Defeat,14m 26s,Samira,1 / 3 / 0,P/Kill 25%,93 (6.4) CS,Control Ward 1,Level9
325,Ranked Solo,3588677928,Challenger,Revenge,Victory,28m 27s,Jayce,12 / 6 / 6,P/Kill 60%,237 (8.3) CS,Control Ward 2,Level16
326,Ranked Solo,3588650509,Grandmaster,Revenge,Victory,28m 10s,Samira,7 / 7 / 5,P/Kill 55%,227 (8.1) CS,Control Ward 2,Level15
327,Normal,3588602443,None,Revenge,Victory,31m 47s,Samira,8 / 11 / 7,P/Kill 36%,208 (6.5) CS,Control Ward 2,Level16
328,Normal,3588529227,None,Revenge,Victory,15m 13s,Samira,7 / 1 / 3,P/Kill 48%,140 (9.2) CS,Control Ward 3,Level12
329,Ranked Solo,3588513472,Grandmaster,Revenge,Defeat,16m 11s,Ryze,0 / 5 / 2,P/Kill 33%,101 (6.2) CS,Control Ward 2,Level10
330,Normal,3587006261,None,Revenge,Victory,20m 30s,Samira,15 / 2 / 5,P/Kill 49%,218 (10.6) CS,0,Level15
331,Normal,3586960898,None,Revenge,Victory,23m 4s,Samira,27 / 5 / 4,P/Kill 69%,233 (10.1) CS,Control Ward 1,Level16
332,Normal,3586904564,None,Revenge,Victory,15m 34s,Samira,13 / 2 / 2,P/Kill 52%,164 (10.5) CS,Control Ward 1,Level13
333,Normal,3586887747,None,Revenge,Victory,15m 16s,Samira,8 / 4 / 2,P/Kill 38%,125 (8.2) CS,Control Ward 2,Level12
334,Normal,3585884202,None,Revenge,Defeat,31m 0s,Samira,35 / 13 / 5,P/Kill 83%,267 (8.6) CS,0,Level17
335,Normal,3585818102,None,Revenge,Victory,22m 2s,Samira,21 / 4 / 7,P/Kill 85%,226 (10.3) CS,Control Ward 1,Level16
336,Normal,3585709627,None,Revenge,Victory,26m 3s,Samira,18 / 10 / 14,P/Kill 86%,190 (7.3) CS,0,Level15
337,Ranked Solo,3585649265,Challenger,Revenge,Defeat,14m 38s,Kai'Sa,0 / 2 / 0,P/Kill 0%,80 (5.5) CS,0,Level8
338,Ranked Solo,3585521897,Grandmaster,Revenge,Victory,24m 53s,Kai'Sa,10 / 1 / 3,P/Kill 57%,204 (8.2) CS,0,Level15
339,Ranked Solo,3585213279,Grandmaster,Revenge,Victory,26m 8s,Jayce,4 / 6 / 19,P/Kill 52%,198 (7.6) CS,Control Ward 2,Level16
340,Ranked Solo,3585198281,Challenger,Revenge,Victory,15m 52s,Ryze,5 / 3 / 6,P/Kill 46%,128 (8.1) CS,Control Ward 3,Level11
341,Ranked Solo,3585201130,Challenger,Revenge,Victory,30m 35s,Jayce,7 / 7 / 11,P/Kill 45%,219 (7.2) CS,Control Ward 1,Level16
342,Ranked Solo,3585124498,Grandmaster,Revenge,Victory,23m 32s,Lucian,5 / 3 / 4,P/Kill 33%,219 (9.3) CS,Control Ward 2,Level14
343,Ranked Solo,3585056217,Challenger,Revenge,Victory,29m 54s,Ryze,11 / 6 / 7,P/Kill 50%,239 (8) CS,Control Ward 5,Level17
344,Ranked Solo,3585020369,Grandmaster,Revenge,Victory,24m 27s,Lucian,4 / 6 / 13,P/Kill 63%,194 (7.9) CS,Control Ward 3,Level14
345,Ranked Solo,3584270967,Grandmaster,Revenge,Victory,23m 28s,Jayce,13 / 4 / 10,P/Kill 68%,194 (8.3) CS,0,Level15
346,Ranked Solo,3584182965,Grandmaster,Revenge,Victory,16m 50s,Riven,2 / 3 / 4,P/Kill 32%,99 (5.9) CS,0,Level10
347,Ranked Solo,3584097388,Grandmaster,Revenge,Victory,18m 22s,Lucian,3 / 3 / 4,P/Kill 25%,165 (9) CS,Control Ward 2,Level12
348,Ranked Solo,3584140598,Grandmaster,Revenge,Defeat,21m 25s,Renekton,7 / 3 / 2,P/Kill 41%,184 (8.6) CS,Control Ward 3,Level13
349,Ranked Solo,3583962191,Challenger,Revenge,Victory,29m 59s,Vladimir,13 / 6 / 7,P/Kill 50%,250 (8.3) CS,Control Ward 3,Level18
350,Ranked Solo,3583894330,Grandmaster,Revenge,Victory,37m 12s,Vladimir,10 / 8 / 14,P/Kill 62%,285 (7.7) CS,Control Ward 2,Level18
351,Ranked Solo,3583835798,Challenger,Revenge,Defeat,36m 55s,Camille,12 / 8 / 13,P/Kill 69%,248 (6.7) CS,Control Ward 1,Level18
352,Ranked Solo,3583746131,Grandmaster,Revenge,Victory,26m 31s,Lucian,4 / 9 / 8,P/Kill 30%,209 (7.9) CS,Control Ward 1,Level15
353,Ranked Solo,3583708728,Challenger,Revenge,Defeat,20m 24s,Lucian,2 / 5 / 2,P/Kill 27%,128 (6.3) CS,Control Ward 1,Level11
354,Ranked Solo,3583723106,Grandmaster,Revenge,Victory,30m 44s,Vladimir,7 / 6 / 11,P/Kill 55%,224 (7.3) CS,Control Ward 4,Level17
355,Ranked Solo,3583667235,Grandmaster,Revenge,Defeat,27m 23s,Akali,4 / 3 / 5,P/Kill 43%,157 (5.7) CS,Control Ward 4,Level13
356,Ranked Solo,3582689202,Grandmaster,Revenge,Victory,34m 21s,Vladimir,7 / 2 / 3,P/Kill 37%,329 (9.6) CS,Control Ward 1,Level18
357,Ranked Solo,3582672162,Challenger,Revenge,Defeat,25m 35s,Vladimir,3 / 4 / 1,P/Kill 25%,176 (6.9) CS,Control Ward 1,Level14
358,Ranked Solo,3582501391,Challenger,Revenge,Victory,21m 20s,Jayce,4 / 1 / 5,P/Kill 50%,204 (9.6) CS,Control Ward 2,Level14
359,Ranked Solo,3582420544,Challenger,Revenge,Defeat,25m 19s,Ryze,4 / 6 / 2,P/Kill 50%,217 (8.6) CS,Control Ward 3,Level14
360,Ranked Solo,3582393489,Challenger,Revenge,Victory,21m 57s,Vladimir,9 / 2 / 8,P/Kill 65%,181 (8.2) CS,0,Level14
361,Ranked Solo,3582284970,Challenger,Revenge,Victory,21m 42s,Jayce,8 / 2 / 6,P/Kill 47%,185 (8.5) CS,Control Ward 2,Level14
362,Ranked Solo,3582208185,Challenger,Revenge,Defeat,32m 38s,Lucian,5 / 7 / 5,P/Kill 48%,245 (7.5) CS,Control Ward 3,Level15
363,Ranked Solo,3582222137,Grandmaster,Revenge,Defeat,25m 38s,Camille,9 / 5 / 5,P/Kill 56%,169 (6.6) CS,Control Ward 1,Level14
364,Ranked Solo,3582166334,Challenger,Revenge,Defeat,21m 34s,Lucian,5 / 5 / 3,P/Kill 57%,195 (9) CS,Control Ward 3,Level14
365,Ranked Solo,3582141992,Challenger,Revenge,Defeat,19m 44s,Jayce,2 / 6 / 5,P/Kill 58%,147 (7.4) CS,Control Ward 2,Level12
366,Ranked Solo,3582102128,Grandmaster,Revenge,Victory,26m 45s,Lucian,9 / 2 / 11,P/Kill 61%,254 (9.5) CS,Control Ward 2,Level16
367,Ranked Solo,3582035124,Challenger,Revenge,Defeat,32m 21s,Vladimir,3 / 9 / 14,P/Kill 49%,226 (7) CS,Control Ward 4,Level16
368,Ranked Solo,3581925982,Grandmaster,Revenge,Defeat,26m 0s,Akali,3 / 5 / 2,P/Kill 33%,157 (6) CS,Control Ward 1,Level13
369,Ranked Solo,3581930266,Grandmaster,Revenge,Defeat,31m 36s,Camille,11 / 9 / 10,P/Kill 72%,191 (6) CS,Control Ward 1,Level16
370,Ranked Solo,3581854642,Grandmaster,Revenge,Victory,16m 53s,Akali,8 / 1 / 3,P/Kill 65%,148 (8.8) CS,Control Ward 2,Level12
371,Ranked Solo,3581370454,Challenger,Revenge,Defeat,33m 39s,Fiora,0 / 11 / 4,P/Kill 17%,210 (6.2) CS,Control Ward 4,Level15
372,Ranked Solo,3581269257,Challenger,Revenge,Remake,3m 20s,Akali,0 / 0 / 0,P/Kill 0%,19 (5.7) CS,0,Level3
373,Ranked Solo,3581168445,Grandmaster,Revenge,Defeat,30m 25s,Renekton,0 / 12 / 4,P/Kill 24%,191 (6.3) CS,Control Ward 4,Level14
374,Ranked Solo,3581107950,Grandmaster,Revenge,Defeat,26m 46s,Akali,4 / 7 / 4,P/Kill 47%,171 (6.4) CS,Control Ward 2,Level13
375,Ranked Solo,3581057175,Grandmaster,Revenge,Defeat,24m 6s,Vladimir,1 / 4 / 4,P/Kill 42%,204 (8.5) CS,Control Ward 2,Level13
376,Flex 5:5 Rank,3581019746,Gold 4,Revenge,Victory,31m 10s,Kai'Sa,16 / 6 / 6,P/Kill 71%,245 (7.9) CS,Control Ward 6,Level17
377,Flex 5:5 Rank,3580983577,Gold 3,Revenge,Victory,30m 27s,Nidalee,14 / 6 / 5,P/Kill 56%,223 (7.3) CS,Control Ward 3,Level16
378,Flex 5:5 Rank,3580879187,Gold 4,Revenge,Victory,26m 41s,Draven,16 / 9 / 4,P/Kill 53%,216 (8.1) CS,Control Ward 2,Level13
379,Ranked Solo,3580885562,Challenger,Revenge,Defeat,16m 9s,Jayce,1 / 2 / 1,P/Kill 67%,111 (6.9) CS,Control Ward 2,Level10
380,Ranked Solo,3580911215,Grandmaster,Revenge,Defeat,15m 51s,Vladimir,1 / 6 / 2,P/Kill 38%,95 (6) CS,Control Ward 1,Level10
381,Ranked Solo,3580821621,Challenger,Revenge,Defeat,26m 13s,Jayce,2 / 4 / 2,P/Kill 67%,210 (8) CS,Control Ward 3,Level15
382,Ranked Solo,3580736863,Challenger,Revenge,Victory,26m 27s,Akali,4 / 3 / 6,P/Kill 42%,199 (7.5) CS,Control Ward 4,Level15
383,Ranked Solo,3580781862,Grandmaster,Revenge,Victory,20m 34s,Camille,7 / 2 / 6,P/Kill 59%,159 (7.7) CS,Control Ward 2,Level14
384,Ranked Solo,3580674622,Grandmaster,Revenge,Victory,12m 18s,Fiora,3 / 3 / 3,P/Kill 46%,88 (7.2) CS,Control Ward 2,Level10
385,Ranked Solo,3580661277,Grandmaster,Revenge,Defeat,18m 37s,Vladimir,0 / 3 / 0,P/Kill 0%,114 (6.1) CS,Control Ward 4,Level10
386,Ranked Solo,3580390674,Grandmaster,Revenge,Victory,26m 29s,Irelia,13 / 5 / 6,P/Kill 70%,268 (10.1) CS,Control Ward 4,Level17
387,Ranked Solo,3579637493,Grandmaster,Revenge,Victory,28m 14s,Renekton,13 / 3 / 3,P/Kill 33%,261 (9.2) CS,Control Ward 2,Level17
388,Ranked Solo,3579605030,Grandmaster,Revenge,Victory,28m 9s,Jayce,6 / 5 / 7,P/Kill 52%,230 (8.2) CS,Control Ward 1,Level16
389,Ranked Solo,3579488297,Challenger,Revenge,Victory,20m 50s,Camille,4 / 3 / 6,P/Kill 42%,119 (5.7) CS,Control Ward 2,Level13
390,Ranked Solo,3579378876,Challenger,Revenge,Defeat,41m 10s,Jayce,10 / 9 / 10,P/Kill 54%,311 (7.6) CS,Control Ward 2,Level18
391,Ranked Solo,3579353822,Challenger,Revenge,Defeat,25m 42s,Camille,5 / 5 / 8,P/Kill 65%,177 (6.9) CS,Control Ward 3,Level14
392,Ranked Solo,3579265905,Grandmaster,Revenge,Defeat,28m 41s,Jayce,3 / 13 / 9,P/Kill 44%,154 (5.4) CS,Control Ward 1,Level14
393,Ranked Solo,3579271864,Challenger,Revenge,Remake,3m 13s,Vladimir,0 / 0 / 0,P/Kill 0%,19 (5.9) CS,0,Level3
394,Ranked Solo,3578285886,Grandmaster,Revenge,Victory,24m 45s,Jayce,9 / 4 / 8,P/Kill 45%,211 (8.5) CS,Control Ward 2,Level15
395,Ranked Solo,3578076086,Challenger,Revenge,Defeat,25m 36s,Lucian,6 / 8 / 2,P/Kill 38%,178 (7) CS,Control Ward 2,Level14
396,Ranked Solo,3578067682,Grandmaster,Revenge,Victory,30m 13s,Vladimir,8 / 7 / 6,P/Kill 41%,229 (7.6) CS,Control Ward 3,Level16
397,Ranked Solo,3578061534,Grandmaster,Revenge,Defeat,23m 23s,Jayce,2 / 4 / 2,P/Kill 50%,177 (7.6) CS,Control Ward 4,Level13
398,Ranked Solo,3577946913,Grandmaster,Revenge,Victory,24m 34s,Jayce,5 / 4 / 6,P/Kill 48%,203 (8.3) CS,Control Ward 2,Level15
399,Ranked Solo,3576556968,Challenger,Revenge,Victory,28m 27s,Lucian,9 / 5 / 9,P/Kill 58%,239 (8.4) CS,Control Ward 3,Level16
400,Ranked Solo,4764783911,Grandmaster,ZED99,Victory,22m 57s,Zed,6 / 3 / 5,P/Kill 39%,192 (8.4) CS,Control Ward 5,Level13
401,Ranked Solo,4758661464,Grandmaster,ZED99,Defeat,27m 53s,Zed,7 / 4 / 2,P/Kill 43%,201 (7.2) CS,Control Ward 4,Level14
402,Ranked Solo,4758476578,Challenger,ZED99,Victory,31m 37s,Zed,8 / 7 / 13,P/Kill 44%,192 (6.1) CS,Control Ward 6,Level15
403,Ranked Solo,4758407361,Grandmaster,ZED99,Victory,37m 11s,Zed,13 / 6 / 13,P/Kill 55%,244 (6.6) CS,Control Ward 8,Level17
404,Ranked Solo,4756671276,Grandmaster,ZED99,Victory,19m 1s,Zed,5 / 2 / 7,P/Kill 39%,170 (8.9) CS,Control Ward 5,Level13
405,Ranked Solo,4756666054,Grandmaster,ZED99,Defeat,21m 7s,Zed,4 / 4 / 2,P/Kill 50%,154 (7.3) CS,Control Ward 4,Level12
406,Ranked Solo,4756593037,Grandmaster,ZED99,Victory,21m 58s,Zed,7 / 3 / 5,P/Kill 52%,185 (8.4) CS,Control Ward 7,Level14
407,Ranked Solo,4756507501,Grandmaster,ZED99,Victory,28m 9s,Zed,11 / 0 / 5,P/Kill 52%,243 (8.6) CS,Control Ward 4,Level16
408,Ranked Solo,4756502091,Grandmaster,ZED99,Defeat,20m 44s,Zed,7 / 3 / 1,P/Kill 53%,139 (6.7) CS,Control Ward 5,Level13
409,Ranked Solo,4756465858,Grandmaster,ZED99,Victory,16m 52s,Zed,12 / 1 / 0,P/Kill 43%,160 (9.5) CS,Control Ward 3,Level12
410,Ranked Solo,4756321583,Grandmaster,ZED99,Defeat,25m 22s,Zed,4 / 6 / 0,P/Kill 40%,177 (7) CS,Control Ward 3,Level13
411,Ranked Solo,4746622677,Challenger,ZED99,Victory,26m 29s,Zed,3 / 6 / 10,P/Kill 42%,160 (6) CS,Control Ward 6,Level14
412,Ranked Solo,4740956362,Grandmaster,ZED99,Defeat,32m 13s,Zed,6 / 6 / 5,P/Kill 48%,219 (6.8) CS,Control Ward 9,Level15
413,Ranked Solo,4739105503,Grandmaster,ZED99,Defeat,13m 6s,Zed,3 / 0 / 2,P/Kill 56%,45 (3.4) CS,Control Ward 2,Level6
414,Ranked Solo,4738980986,Challenger,ZED99,Victory,38m 42s,Zed,20 / 4 / 11,P/Kill 69%,294 (7.6) CS,Control Ward 4,Level18
415,Ranked Solo,4738901257,Challenger,ZED99,Victory,30m 34s,Zed,14 / 6 / 6,P/Kill 50%,234 (7.7) CS,Control Ward 5,Level17
416,Ranked Solo,4738758773,Grandmaster,ZED99,Victory,33m 38s,Zed,15 / 3 / 8,P/Kill 64%,265 (7.9) CS,Control Ward 6,Level17
417,Ranked Solo,4738732151,Challenger,ZED99,Defeat,19m 52s,Zed,3 / 4 / 0,P/Kill 27%,150 (7.6) CS,Control Ward 5,Level12
418,Ranked Solo,4738459100,Grandmaster,ZED99,Victory,18m 51s,Zed,8 / 1 / 2,P/Kill 26%,192 (10.2) CS,Control Ward 4,Level14
419,Ranked Solo,4738087697,Master,ZED99,Defeat,23m 3s,Zed,7 / 4 / 2,P/Kill 56%,186 (8.1) CS,Control Ward 5,Level14
420,Ranked Solo,4737962752,Grandmaster,ZED99,Defeat,34m 13s,Zed,10 / 7 / 7,P/Kill 53%,269 (7.9) CS,Control Ward 2,Level17
421,Ranked Solo,4737771145,Grandmaster,ZED99,Victory,36m 45s,Zed,11 / 7 / 10,P/Kill 57%,274 (7.5) CS,Control Ward 3,Level18
422,Normal,4736814647,None,ZED99,Victory,36m 5s,Zed,26 / 4 / 9,P/Kill 80%,267 (7.4) CS,Control Ward 2,Level18
423,Ranked Solo,4736512566,Grandmaster,ZED99,Defeat,15m 32s,Zed,2 / 3 / 0,P/Kill 40%,108 (7) CS,Control Ward 5,Level10
424,Ranked Solo,4736426200,Grandmaster,ZED99,Victory,24m 9s,Zed,10 / 8 / 5,P/Kill 38%,148 (6.1) CS,Control Ward 7,Level14
425,Ranked Solo,4736307297,Challenger,ZED99,Defeat,28m 59s,Zed,3 / 7 / 6,P/Kill 39%,220 (7.6) CS,Control Ward 7,Level15
426,Ranked Solo,4736227728,Grandmaster,ZED99,Defeat,33m 37s,Zed,10 / 5 / 4,P/Kill 52%,252 (7.5) CS,Control Ward 5,Level17
427,Ranked Solo,4736171379,Grandmaster,ZED99,Defeat,15m 54s,Zed,2 / 2 / 1,P/Kill 75%,107 (6.7) CS,Control Ward 2,Level10
428,Ranked Solo,4731658379,Grandmaster,ZED99,Defeat,23m 57s,Zed,3 / 5 / 2,P/Kill 50%,183 (7.6) CS,Control Ward 6,Level12
429,Ranked Solo,4731594281,Challenger,ZED99,Victory,15m 44s,Zed,3 / 0 / 1,P/Kill 29%,149 (9.5) CS,Control Ward 1,Level12
430,Ranked Solo,4721078443,Grandmaster,ZED99,Victory,24m 7s,Zed,8 / 3 / 1,P/Kill 33%,157 (6.5) CS,Control Ward 5,Level13
431,Ranked Solo,4720837991,Grandmaster,ZED99,Victory,22m 26s,Zed,15 / 5 / 14,P/Kill 55%,150 (6.7) CS,Control Ward 5,Level14
432,Ranked Solo,4720850808,Grandmaster,ZED99,Victory,16m 11s,Zed,9 / 4 / 4,P/Kill 48%,112 (6.9) CS,Control Ward 3,Level10
433,Ranked Solo,4720676509,Challenger,ZED99,Victory,19m 2s,Zed,8 / 3 / 3,P/Kill 44%,138 (7.3) CS,Control Ward 4,Level12
434,Ranked Solo,4720710461,Grandmaster,ZED99,Victory,25m 39s,Zed,13 / 4 / 8,P/Kill 60%,210 (8.2) CS,Control Ward 3,Level16
435,Ranked Solo,4718300353,Grandmaster,ZED99,Defeat,29m 20s,Zed,17 / 10 / 5,P/Kill 65%,178 (6.1) CS,Control Ward 4,Level16
436,Flex 5:5 Rank,4711731904,Gold 2,ZED99,Victory,29m 28s,Zed,13 / 5 / 5,P/Kill 56%,189 (6.4) CS,Control Ward 1,Level13
437,Ranked Solo,4711564946,Challenger,ZED99,Defeat,28m 9s,Zed,2 / 6 / 10,P/Kill 41%,188 (6.7) CS,Control Ward 4,Level15
438,Ranked Solo,4711631655,Challenger,ZED99,Victory,16m 9s,Zed,14 / 2 / 2,P/Kill 52%,95 (5.9) CS,Control Ward 2,Level11
439,Ranked Solo,4711532112,Grandmaster,ZED99,Defeat,35m 12s,Zed,8 / 7 / 7,P/Kill 38%,210 (6) CS,Control Ward 7,Level17
440,Ranked Solo,4710572096,Grandmaster,ZED99,Victory,19m 32s,Zed,11 / 2 / 3,P/Kill 56%,180 (9.2) CS,Control Ward 2,Level13
441,Ranked Solo,4708891322,Challenger,ZED99,Victory,24m 30s,Zed,6 / 5 / 7,P/Kill 39%,207 (8.4) CS,Control Ward 5,Level15
442,Ranked Solo,4705587563,Challenger,ZED99,Victory,23m 36s,Zed,7 / 1 / 2,P/Kill 43%,194 (8.2) CS,Control Ward 4,Level15
443,Ranked Solo,4703735148,Grandmaster,ZED99,Victory,26m 14s,Zed,9 / 0 / 6,P/Kill 58%,230 (8.8) CS,Control Ward 5,Level15
444,Ranked Solo,4695931897,Master,ZED99,Defeat,29m 43s,Zed,12 / 6 / 7,P/Kill 83%,227 (7.6) CS,Control Ward 3,Level17
445,Ranked Solo,4693005572,Grandmaster,ZED99,Victory,29m 22s,Zed,8 / 3 / 3,P/Kill 55%,292 (9.9) CS,Control Ward 2,Level17
446,Ranked Solo,4692813659,Challenger,ZED99,Victory,34m 0s,Zed,16 / 3 / 8,P/Kill 69%,271 (8) CS,Control Ward 4,Level18
447,Ranked Solo,4690247867,Grandmaster,ZED99,Defeat,21m 41s,Zed,2 / 7 / 3,P/Kill 36%,132 (6.1) CS,Control Ward 7,Level12
448,Ranked Solo,4687135647,Grandmaster,ZED99,Victory,25m 25s,Zed,13 / 1 / 4,P/Kill 53%,215 (8.5) CS,Control Ward 6,Level16
449,Ranked Solo,4686943676,Grandmaster,ZED99,Defeat,31m 55s,Zed,9 / 4 / 2,P/Kill 38%,244 (7.6) CS,Control Ward 7,Level16
450,One for All,4674594544,None,ZED99,Defeat,24m 36s,Zed,7 / 8 / 8,P/Kill 54%,118 (4.8) CS,Control Ward 4,Level17
451,Ranked Solo,4674520506,Challenger,ZED99,Defeat,28m 4s,Zed,11 / 5 / 6,P/Kill 61%,236 (8.4) CS,Control Ward 4,Level15
452,Ranked Solo,4672626055,Grandmaster,ZED99,Defeat,15m 41s,Zed,3 / 8 / 1,P/Kill 57%,70 (4.5) CS,Control Ward 2,Level9
453,Ranked Solo,4669419720,Grandmaster,ZED99,Victory,25m 30s,Zed,8 / 2 / 6,P/Kill 52%,213 (8.4) CS,Control Ward 4,Level16
454,Ranked Solo,4669326756,Grandmaster,ZED99,Defeat,25m 48s,Zed,6 / 5 / 1,P/Kill 50%,181 (7) CS,Control Ward 3,Level13
455,Ranked Solo,4669180388,Grandmaster,ZED99,Victory,38m 10s,Zed,16 / 9 / 12,P/Kill 62%,332 (8.7) CS,Control Ward 6,Level18
456,Ranked Solo,4668140535,Grandmaster,ZED99,Defeat,31m 5s,Zed,12 / 4 / 4,P/Kill 55%,241 (7.8) CS,Control Ward 2,Level17
457,Ranked Solo,4663096194,Grandmaster,ZED99,Victory,31m 37s,Zed,11 / 2 / 7,P/Kill 42%,256 (8.1) CS,Control Ward 4,Level17
458,Ranked Solo,4661728964,Grandmaster,ZED99,Victory,15m 28s,Zed,4 / 0 / 2,P/Kill 33%,129 (8.3) CS,Control Ward 3,Level11
459,Ranked Solo,4660811860,Grandmaster,ZED99,Defeat,28m 12s,Zed,7 / 4 / 5,P/Kill 52%,208 (7.4) CS,Control Ward 4,Level15
460,Ranked Solo,4660717682,Grandmaster,ZED99,Victory,15m 17s,Zed,2 / 2 / 1,P/Kill 20%,92 (6) CS,Control Ward 3,Level10
461,Ranked Solo,4660702862,Grandmaster,ZED99,Defeat,20m 10s,Zed,1 / 4 / 1,P/Kill 29%,161 (8) CS,Control Ward 3,Level12
462,Ranked Solo,4660527727,Grandmaster,ZED99,Victory,33m 38s,Zed,8 / 9 / 8,P/Kill 38%,221 (6.6) CS,Control Ward 9,Level16
463,Ranked Solo,4637625128,Grandmaster,ZED99,Defeat,25m 13s,Zed,2 / 6 / 3,P/Kill 50%,205 (8.1) CS,Control Ward 3,Level13
464,Ranked Solo,4637375150,Grandmaster,ZED99,Victory,22m 58s,Zed,10 / 2 / 1,P/Kill 42%,214 (9.3) CS,Control Ward 1,Level14
465,Ranked Solo,4636678788,Grandmaster,ZED99,Victory,21m 46s,Zed,10 / 2 / 10,P/Kill 37%,176 (8.1) CS,Control Ward 3,Level15
466,Ranked Solo,4633861221,Grandmaster,ZED99,Defeat,25m 15s,Zed,5 / 6 / 7,P/Kill 92%,143 (5.7) CS,Control Ward 5,Level13
467,Ranked Solo,4632383794,Grandmaster,ZED99,Victory,22m 1s,Zed,8 / 1 / 4,P/Kill 43%,193 (8.8) CS,Control Ward 7,Level14
468,Ranked Solo,4629240824,Grandmaster,ZED99,Defeat,20m 59s,Zed,3 / 11 / 3,P/Kill 60%,118 (5.6) CS,Control Ward 4,Level11
469,Ranked Solo,4629128107,Grandmaster,ZED99,Victory,35m 12s,Zed,7 / 5 / 6,P/Kill 41%,255 (7.2) CS,Control Ward 7,Level17
470,Ranked Solo,4628994837,Grandmaster,ZED99,Defeat,27m 2s,Zed,3 / 4 / 3,P/Kill 46%,207 (7.7) CS,Control Ward 6,Level14
471,Ranked Solo,4628524163,Grandmaster,ZED99,Defeat,24m 35s,Zed,7 / 4 / 5,P/Kill 57%,140 (5.7) CS,Control Ward 4,Level12
472,Ranked Solo,4626520550,Grandmaster,ZED99,Victory,31m 49s,Zed,20 / 8 / 12,P/Kill 54%,224 (7) CS,Control Ward 2,Level18
473,Ranked Solo,4626385056,Grandmaster,ZED99,Defeat,31m 3s,Zed,8 / 8 / 7,P/Kill 39%,161 (5.2) CS,Control Ward 8,Level14
474,Ranked Solo,4626288751,Grandmaster,ZED99,Victory,23m 56s,Zed,6 / 1 / 6,P/Kill 48%,198 (8.3) CS,Control Ward 4,Level15
475,Ranked Solo,4625370818,Grandmaster,ZED99,Victory,32m 15s,Zed,7 / 7 / 11,P/Kill 51%,242 (7.5) CS,Control Ward 8,Level17
476,Ranked Solo,4625274097,Challenger,ZED99,Defeat,25m 30s,Zed,8 / 4 / 4,P/Kill 92%,178 (7) CS,Control Ward 6,Level14
477,Ranked Solo,4621745775,Grandmaster,ZED99,Victory,20m 38s,Zed,13 / 1 / 4,P/Kill 59%,176 (8.5) CS,Control Ward 5,Level13
478,Ranked Solo,4621147869,Challenger,ZED99,Defeat,23m 43s,Zed,5 / 3 / 1,P/Kill 38%,164 (6.9) CS,Control Ward 2,Level13
479,Ranked Solo,4620465538,Grandmaster,ZED99,Victory,27m 4s,Zed,6 / 6 / 12,P/Kill 62%,211 (7.8) CS,Control Ward 9,Level15
480,Ranked Solo,4617927406,Grandmaster,ZED99,Defeat,16m 8s,Zed,4 / 2 / 0,P/Kill 67%,125 (7.7) CS,Control Ward 5,Level11
481,Ranked Solo,4617102565,Grandmaster,ZED99,Victory,37m 27s,Zed,11 / 3 / 4,P/Kill 56%,304 (8.1) CS,Control Ward 5,Level18
482,Ranked Solo,4616989851,Grandmaster,ZED99,Victory,20m 30s,Zed,15 / 3 / 3,P/Kill 56%,179 (8.7) CS,Control Ward 5,Level14
483,Ranked Solo,4616904170,Grandmaster,ZED99,Victory,30m 41s,Zed,12 / 4 / 11,P/Kill 66%,191 (6.2) CS,Control Ward 4,Level16
484,Ranked Solo,4616756404,Grandmaster,ZED99,Defeat,32m 4s,Zed,9 / 8 / 4,P/Kill 50%,212 (6.6) CS,Control Ward 7,Level16
485,Ranked Solo,4616761574,Challenger,ZED99,Defeat,24m 4s,Zed,4 / 7 / 4,P/Kill 50%,136 (5.7) CS,Control Ward 5,Level12
486,Ranked Solo,4616576106,Grandmaster,ZED99,Defeat,23m 7s,Zed,3 / 5 / 4,P/Kill 39%,135 (5.8) CS,Control Ward 3,Level12
487,Ranked Solo,4616295962,Grandmaster,ZED99,Defeat,28m 32s,Zed,4 / 2 / 3,P/Kill 70%,203 (7.1) CS,Control Ward 6,Level14
488,Ranked Solo,4616206505,Grandmaster,ZED99,Defeat,22m 41s,Zed,4 / 3 / 4,P/Kill 53%,158 (7) CS,Control Ward 5,Level13
489,Ranked Solo,4615858057,Grandmaster,ZED99,Victory,27m 3s,Zed,9 / 5 / 4,P/Kill 50%,207 (7.7) CS,Control Ward 3,Level15
490,Ranked Solo,4615748206,Grandmaster,ZED99,Defeat,32m 22s,Zed,12 / 6 / 6,P/Kill 75%,219 (6.8) CS,Control Ward 4,Level16
491,Ranked Solo,4611476878,Grandmaster,ZED99,Victory,25m 9s,Zed,6 / 4 / 11,P/Kill 53%,189 (7.5) CS,Control Ward 4,Level15
492,Ranked Solo,4611263421,Grandmaster,ZED99,Defeat,25m 59s,Zed,3 / 5 / 2,P/Kill 36%,157 (6) CS,Control Ward 4,Level13
493,Ranked Solo,4611121588,Grandmaster,ZED99,Defeat,25m 36s,Zed,6 / 12 / 7,P/Kill 52%,136 (5.3) CS,Control Ward 2,Level12
494,Ranked Solo,4609425571,Grandmaster,ZED99,Defeat,20m 39s,Zed,1 / 6 / 1,P/Kill 18%,141 (6.8) CS,Control Ward 2,Level12
495,Ranked Solo,4609298478,Challenger,ZED99,Defeat,22m 59s,Zed,3 / 5 / 2,P/Kill 56%,159 (6.9) CS,Control Ward 6,Level12
496,Ranked Solo,4608359332,Grandmaster,ZED99,Victory,21m 3s,Zed,10 / 3 / 9,P/Kill 66%,166 (7.9) CS,Control Ward 3,Level14
497,Ranked Solo,4607928939,Grandmaster,ZED99,Defeat,17m 1s,Zed,5 / 3 / 5,P/Kill 71%,125 (7.3) CS,Control Ward 3,Level12
498,Ranked Solo,4607897049,Grandmaster,ZED99,Defeat,23m 24s,Zed,3 / 6 / 4,P/Kill 35%,135 (5.8) CS,Control Ward 6,Level12
499,Ranked Solo,4607822394,Challenger,ZED99,Defeat,27m 38s,Zed,4 / 3 / 3,P/Kill 50%,221 (8) CS,Control Ward 9,Level15
500,Ranked Solo,4607718071,Grandmaster,ZED99,Defeat,18m 26s,Zed,3 / 4 / 3,P/Kill 55%,113 (6.1) CS,Control Ward 2,Level11
501,Ranked Solo,4605749051,Challenger,ZED99,Victory,25m 16s,Zed,12 / 3 / 5,P/Kill 55%,195 (7.7) CS,Control Ward 2,Level15
502,Ranked Solo,4605527965,Grandmaster,ZED99,Victory,32m 3s,Zed,10 / 5 / 10,P/Kill 54%,255 (8) CS,Control Ward 7,Level17
503,Ranked Solo,4605562134,Grandmaster,ZED99,Victory,27m 54s,Zed,9 / 4 / 7,P/Kill 40%,199 (7.1) CS,Control Ward 6,Level15
504,Ranked Solo,4605385623,Grandmaster,ZED99,Defeat,29m 10s,Zed,5 / 5 / 4,P/Kill 41%,190 (6.5) CS,Control Ward 3,Level15
505,Ranked Solo,4603695617,Grandmaster,ZED99,Defeat,23m 28s,Zed,1 / 3 / 1,P/Kill 17%,189 (8.1) CS,Control Ward 5,Level13
506,Ranked Solo,4603751116,Grandmaster,ZED99,Defeat,16m 7s,Zed,2 / 2 / 3,P/Kill 83%,96 (6) CS,Control Ward 2,Level10
507,Ranked Solo,4603619627,Challenger,ZED99,Victory,16m 3s,Zed,7 / 2 / 3,P/Kill 36%,99 (6.2) CS,Control Ward 3,Level11
508,Ranked Solo,4602370974,Grandmaster,ZED99,Defeat,19m 57s,Zed,11 / 8 / 3,P/Kill 54%,125 (6.3) CS,Control Ward 4,Level13
509,Ranked Solo,4599651297,Grandmaster,ZED99,Defeat,21m 41s,Zed,9 / 6 / 8,P/Kill 74%,144 (6.6) CS,Control Ward 3,Level14
510,Ranked Solo,4599529797,Challenger,ZED99,Defeat,27m 30s,Zed,1 / 3 / 1,P/Kill 15%,208 (7.6) CS,Control Ward 4,Level14
511,Ranked Solo,4597655827,Grandmaster,ZED99,Defeat,25m 40s,Zed,8 / 5 / 2,P/Kill 71%,185 (7.2) CS,Control Ward 5,Level14
512,Ranked Solo,4597681798,Challenger,ZED99,Defeat,29m 30s,Zed,6 / 8 / 6,P/Kill 50%,184 (6.2) CS,Control Ward 2,Level14
513,Ranked Solo,4597498706,Challenger,ZED99,Victory,24m 45s,Zed,9 / 1 / 6,P/Kill 47%,245 (9.9) CS,Control Ward 6,Level16
514,Ranked Solo,4597427506,Grandmaster,ZED99,Defeat,15m 22s,Zed,1 / 6 / 2,P/Kill 30%,115 (7.5) CS,Control Ward 2,Level10
515,Ranked Solo,4597284508,Grandmaster,ZED99,Victory,29m 49s,Zed,21 / 4 / 5,P/Kill 68%,258 (8.7) CS,Control Ward 4,Level17
516,Ranked Solo,4595377388,Grandmaster,ZED99,Victory,34m 8s,Zed,11 / 7 / 10,P/Kill 51%,259 (7.6) CS,Control Ward 3,Level18
517,Ranked Solo,4595392165,Grandmaster,ZED99,Defeat,22m 40s,Zed,5 / 5 / 5,P/Kill 43%,170 (7.5) CS,Control Ward 7,Level13
518,Ranked Solo,4595357149,Grandmaster,ZED99,Defeat,24m 7s,Zed,7 / 6 / 2,P/Kill 50%,156 (6.5) CS,Control Ward 7,Level13
519,Ranked Solo,4595313393,Challenger,ZED99,Defeat,29m 37s,Zed,4 / 8 / 3,P/Kill 32%,155 (5.2) CS,Control Ward 7,Level13
520,Ranked Solo,4595230134,Grandmaster,ZED99,Victory,41m 34s,Zed,13 / 5 / 7,P/Kill 63%,285 (6.9) CS,Control Ward 9,Level18
521,Ranked Solo,4595009823,Grandmaster,ZED99,Victory,22m 56s,Zed,7 / 3 / 5,P/Kill 46%,160 (7) CS,Control Ward 6,Level13
522,Ranked Solo,4592901085,Grandmaster,ZED99,Defeat,36m 9s,Zed,11 / 9 / 10,P/Kill 81%,230 (6.4) CS,Control Ward 3,Level17
523,Ranked Solo,4592762251,Grandmaster,ZED99,Defeat,15m 38s,Zed,2 / 1 / 2,P/Kill 100%,94 (6) CS,Control Ward 2,Level10
524,Ranked Solo,4592753583,Challenger,ZED99,Defeat,23m 51s,Zed,4 / 5 / 4,P/Kill 53%,200 (8.4) CS,Control Ward 4,Level13
525,Ranked Solo,4592618245,Grandmaster,ZED99,Victory,23m 36s,Zed,13 / 4 / 5,P/Kill 64%,157 (6.7) CS,Control Ward 3,Level14
526,Ranked Solo,4592263100,Grandmaster,ZED99,Victory,31m 42s,Zed,8 / 6 / 14,P/Kill 55%,201 (6.3) CS,Control Ward 7,Level17
527,Ranked Solo,4591860401,Challenger,ZED99,Defeat,22m 34s,Zed,9 / 7 / 6,P/Kill 50%,143 (6.3) CS,Control Ward 4,Level13
528,Ranked Solo,4591637362,Grandmaster,ZED99,Defeat,19m 7s,Zed,2 / 6 / 5,P/Kill 47%,147 (7.7) CS,Control Ward 3,Level12
529,Ranked Solo,4591652112,Challenger,ZED99,Defeat,19m 58s,Zed,2 / 4 / 2,P/Kill 40%,160 (8) CS,Control Ward 4,Level11
530,Ranked Solo,4590974331,Grandmaster,ZED99,Defeat,24m 12s,Zed,7 / 4 / 2,P/Kill 69%,174 (7.2) CS,Control Ward 3,Level13
531,Ranked Solo,4590961006,Grandmaster,ZED99,Victory,15m 26s,Zed,6 / 1 / 4,P/Kill 67%,120 (7.8) CS,Control Ward 3,Level11
532,Ranked Solo,4590898125,Grandmaster,ZED99,Victory,24m 40s,Zed,9 / 4 / 8,P/Kill 47%,158 (6.4) CS,Control Ward 7,Level14
533,Ranked Solo,4590924918,Challenger,ZED99,Victory,15m 26s,Zed,6 / 0 / 7,P/Kill 62%,105 (6.8) CS,Control Ward 3,Level11
534,Ranked Solo,4590829641,Grandmaster,ZED99,Defeat,23m 9s,Zed,3 / 8 / 5,P/Kill 50%,137 (5.9) CS,Control Ward 6,Level12
535,Ranked Solo,4590639656,Grandmaster,ZED99,Victory,30m 43s,Zed,7 / 6 / 13,P/Kill 49%,169 (5.5) CS,Control Ward 8,Level15
536,Ranked Solo,4589987083,Grandmaster,ZED99,Victory,24m 13s,Zed,8 / 4 / 2,P/Kill 38%,157 (6.5) CS,Control Ward 4,Level14
537,Ranked Solo,4590031998,Grandmaster,ZED99,Defeat,19m 49s,Zed,7 / 6 / 4,P/Kill 73%,109 (5.5) CS,Control Ward 5,Level11
538,Ranked Solo,4589946568,Grandmaster,ZED99,Victory,30m 28s,Zed,9 / 6 / 6,P/Kill 42%,233 (7.6) CS,Control Ward 4,Level16
539,Ranked Solo,4589873271,Challenger,ZED99,Defeat,21m 53s,Zed,2 / 9 / 2,P/Kill 31%,129 (5.9) CS,Control Ward 4,Level11
540,Ranked Solo,4588869397,Grandmaster,ZED99,Defeat,22m 30s,Zed,3 / 6 / 2,P/Kill 33%,169 (7.5) CS,Control Ward 4,Level13
541,Ranked Solo,4588787372,Challenger,ZED99,Victory,24m 15s,Zed,3 / 6 / 4,P/Kill 27%,174 (7.2) CS,Control Ward 4,Level14
542,Ranked Solo,4588677439,Challenger,ZED99,Victory,23m 28s,Zed,11 / 3 / 10,P/Kill 44%,178 (7.6) CS,Control Ward 6,Level15
543,Ranked Solo,4588691873,Challenger,ZED99,Victory,15m 20s,Zed,7 / 0 / 2,P/Kill 45%,126 (8.2) CS,Control Ward 3,Level11
544,Ranked Solo,4588562018,Grandmaster,ZED99,Defeat,31m 21s,Zed,9 / 7 / 5,P/Kill 56%,235 (7.5) CS,Control Ward 5,Level16
545,Ranked Solo,4588266598,Grandmaster,ZED99,Defeat,16m 23s,Zed,0 / 3 / 1,P/Kill 17%,112 (6.8) CS,Control Ward 2,Level10
546,Ranked Solo,4588004643,Grandmaster,ZED99,Defeat,27m 37s,Zed,7 / 10 / 8,P/Kill 42%,141 (5.1) CS,Control Ward 2,Level14
547,Ranked Solo,4586888633,Challenger,ZED99,Defeat,15m 16s,Zed,1 / 2 / 1,P/Kill 25%,117 (7.7) CS,Control Ward 3,Level9
548,Ranked Solo,4586922652,Grandmaster,ZED99,Victory,26m 12s,Zed,8 / 2 / 7,P/Kill 38%,192 (7.3) CS,Control Ward 3,Level15
549,Ranked Solo,4586827782,Challenger,ZED99,Victory,24m 0s,Zed,9 / 3 / 8,P/Kill 55%,174 (7.3) CS,Control Ward 2,Level15
550,Ranked Solo,4585893230,Grandmaster,ZED99,Defeat,28m 48s,Zed,8 / 8 / 5,P/Kill 50%,181 (6.3) CS,0,Level15
551,Ranked Solo,4584942073,Grandmaster,ZED99,Defeat,29m 6s,Zed,5 / 7 / 11,P/Kill 67%,190 (6.5) CS,Control Ward 1,Level15
552,Ranked Solo,4584796797,Challenger,ZED99,Defeat,27m 37s,Zed,6 / 6 / 8,P/Kill 47%,182 (6.6) CS,Control Ward 8,Level15
553,Ranked Solo,4584695586,Challenger,ZED99,Victory,19m 2s,Zed,12 / 0 / 3,P/Kill 63%,160 (8.4) CS,Control Ward 3,Level14
554,Ranked Solo,4584629373,Grandmaster,ZED99,Defeat,25m 3s,Zed,8 / 4 / 0,P/Kill 32%,218 (8.7) CS,Control Ward 6,Level15
555,Ranked Solo,4584653504,Grandmaster,ZED99,Defeat,23m 14s,Zed,7 / 5 / 4,P/Kill 52%,156 (6.7) CS,Control Ward 3,Level13
556,Ranked Solo,4584152711,Grandmaster,ZED99,Defeat,16m 9s,Zed,2 / 1 / 2,P/Kill 40%,118 (7.3) CS,Control Ward 3,Level10
557,Ranked Solo,4583959784,Grandmaster,ZED99,Defeat,21m 50s,Zed,3 / 8 / 3,P/Kill 40%,108 (4.9) CS,Control Ward 9,Level11
558,Ranked Solo,4583826418,Grandmaster,ZED99,Victory,15m 54s,Zed,3 / 1 / 4,P/Kill 41%,128 (8.1) CS,Control Ward 1,Level11
559,Ranked Solo,4583659688,Grandmaster,ZED99,Defeat,15m 19s,Zed,3 / 6 / 0,P/Kill 43%,110 (7.2) CS,Control Ward 6,Level10
560,Ranked Solo,4582555982,Grandmaster,ZED99,Victory,15m 50s,Zed,6 / 1 / 2,P/Kill 38%,149 (9.4) CS,Control Ward 2,Level12
561,Ranked Solo,4582413575,Grandmaster,ZED99,Victory,30m 1s,Zed,10 / 0 / 12,P/Kill 67%,256 (8.5) CS,Control Ward 5,Level17
562,Ranked Solo,4582265762,Grandmaster,ZED99,Victory,32m 2s,Zed,11 / 5 / 8,P/Kill 58%,229 (7.1) CS,Control Ward 3,Level16
563,Ranked Solo,4582226179,Grandmaster,ZED99,Defeat,28m 24s,Zed,7 / 2 / 2,P/Kill 47%,267 (9.4) CS,Control Ward 8,Level16
564,Ranked Solo,4581180411,Challenger,ZED99,Defeat,20m 10s,Zed,3 / 3 / 2,P/Kill 50%,156 (7.7) CS,Control Ward 4,Level12
565,Ranked Solo,4580993832,Grandmaster,ZED99,Victory,37m 47s,Zed,29 / 6 / 5,P/Kill 74%,256 (6.8) CS,0,Level18
566,Ranked Solo,4580140591,Grandmaster,ZED99,Victory,30m 23s,Zed,12 / 6 / 2,P/Kill 36%,196 (6.5) CS,Control Ward 7,Level17
567,Ranked Solo,4579987570,Challenger,ZED99,Defeat,24m 42s,Zed,4 / 5 / 5,P/Kill 47%,174 (7) CS,Control Ward 4,Level14
568,Ranked Solo,4579802670,Grandmaster,ZED99,Victory,32m 9s,Zed,21 / 1 / 12,P/Kill 73%,280 (8.7) CS,Control Ward 3,Level18
569,Ranked Solo,4577614330,Grandmaster,ZED99,Victory,15m 48s,Zed,7 / 2 / 2,P/Kill 43%,126 (8) CS,Control Ward 2,Level11
570,Ranked Solo,4577650126,Challenger,ZED99,Victory,15m 29s,Zed,4 / 2 / 1,P/Kill 28%,103 (6.7) CS,Control Ward 2,Level8
571,Ranked Solo,4577415827,Challenger,ZED99,Victory,16m 8s,Zed,4 / 2 / 5,P/Kill 38%,113 (7) CS,Control Ward 3,Level11
572,Ranked Solo,4577259111,Grandmaster,ZED99,Victory,25m 53s,Zed,4 / 4 / 14,P/Kill 45%,165 (6.4) CS,Control Ward 6,Level14
573,Ranked Solo,4577172303,Challenger,ZED99,Victory,27m 46s,Zed,11 / 7 / 11,P/Kill 54%,199 (7.2) CS,Control Ward 3,Level15
574,Ranked Solo,4577100546,Challenger,ZED99,Defeat,30m 4s,Zed,4 / 3 / 4,P/Kill 44%,230 (7.6) CS,Control Ward 2,Level16
575,Ranked Solo,4577032153,Grandmaster,ZED99,Victory,28m 21s,Zed,7 / 5 / 4,P/Kill 25%,206 (7.3) CS,Control Ward 5,Level15
576,Ranked Solo,4576171710,Grandmaster,ZED99,Victory,30m 40s,Zed,10 / 3 / 10,P/Kill 44%,223 (7.3) CS,Control Ward 7,Level17
577,Ranked Solo,4575336308,Challenger,ZED99,Victory,27m 36s,Zed,11 / 2 / 9,P/Kill 50%,214 (7.8) CS,Control Ward 3,Level16
578,Ranked Solo,4575293813,Challenger,ZED99,Defeat,31m 29s,Zed,4 / 4 / 4,P/Kill 40%,198 (6.3) CS,Control Ward 10,Level16
579,Ranked Solo,4575300259,Challenger,ZED99,Defeat,34m 14s,Zed,7 / 7 / 5,P/Kill 48%,250 (7.3) CS,Control Ward 9,Level16
580,Ranked Solo,4575182694,Challenger,ZED99,Victory,27m 2s,Zed,8 / 5 / 7,P/Kill 39%,221 (8.2) CS,Control Ward 6,Level15
581,Ranked Solo,4575071847,Challenger,ZED99,Victory,30m 13s,Zed,4 / 2 / 13,P/Kill 53%,238 (7.9) CS,Control Ward 5,Level17
582,Ranked Solo,4575023160,Grandmaster,ZED99,Victory,15m 16s,Zed,6 / 1 / 1,P/Kill 54%,132 (8.6) CS,Control Ward 3,Level11
583,Ranked Solo,4574852750,Challenger,ZED99,Defeat,32m 33s,Zed,7 / 3 / 4,P/Kill 61%,263 (8.1) CS,Control Ward 3,Level17
584,Ranked Solo,4572419595,Grandmaster,ZED99,Victory,33m 26s,Zed,12 / 7 / 3,P/Kill 60%,288 (8.6) CS,Control Ward 5,Level18
585,Ranked Solo,4571099727,Challenger,ZED99,Defeat,32m 23s,Zed,6 / 10 / 5,P/Kill 37%,184 (5.7) CS,Control Ward 6,Level15
586,Ranked Solo,4571103437,Grandmaster,ZED99,Victory,20m 30s,Zed,4 / 1 / 3,P/Kill 39%,165 (8) CS,Control Ward 1,Level13
587,Ranked Solo,4570919811,Grandmaster,ZED99,Defeat,28m 43s,Zed,10 / 5 / 4,P/Kill 61%,239 (8.3) CS,Control Ward 7,Level15
588,Ranked Solo,4570809576,Challenger,ZED99,Victory,28m 43s,Zed,14 / 2 / 7,P/Kill 70%,232 (8.1) CS,Control Ward 4,Level17
589,Ranked Solo,4570761332,Grandmaster,ZED99,Defeat,25m 56s,Zed,4 / 6 / 4,P/Kill 50%,202 (7.8) CS,Control Ward 6,Level14
590,Ranked Solo,4570061324,Grandmaster,ZED99,Defeat,27m 42s,Zed,4 / 7 / 4,P/Kill 40%,180 (6.5) CS,Control Ward 3,Level14
591,Ranked Solo,4566890309,Grandmaster,ZED99,Defeat,32m 3s,Zed,6 / 8 / 3,P/Kill 38%,240 (7.5) CS,Control Ward 7,Level16
592,Ranked Solo,4566706840,Challenger,ZED99,Defeat,28m 28s,Zed,5 / 5 / 14,P/Kill 68%,173 (6.1) CS,Control Ward 5,Level14
593,Ranked Solo,4566673812,Challenger,ZED99,Victory,24m 12s,Zed,14 / 3 / 7,P/Kill 62%,153 (6.3) CS,Control Ward 4,Level14
594,Ranked Solo,4566509332,Grandmaster,ZED99,Victory,31m 6s,Zed,6 / 4 / 11,P/Kill 57%,229 (7.4) CS,Control Ward 5,Level17
595,Ranked Solo,4566472591,Challenger,ZED99,Victory,31m 19s,Zed,17 / 5 / 4,P/Kill 66%,238 (7.6) CS,Control Ward 5,Level17
596,Ranked Solo,4566354372,Grandmaster,ZED99,Victory,29m 50s,Zed,8 / 4 / 12,P/Kill 61%,212 (7.1) CS,Control Ward 8,Level16
597,Ranked Solo,4566178306,Grandmaster,ZED99,Defeat,28m 12s,Zed,9 / 6 / 3,P/Kill 60%,177 (6.3) CS,Control Ward 10,Level15
598,Ranked Solo,4566068658,Grandmaster,ZED99,Victory,34m 36s,Zed,4 / 6 / 10,P/Kill 50%,206 (6) CS,Control Ward 5,Level16
599,Ranked Solo,4561140287,Grandmaster,ZED99,Defeat,18m 40s,Zed,3 / 7 / 1,P/Kill 33%,120 (6.4) CS,Control Ward 4,Level11
